{
"type": "FeatureCollection",
"name": "Miglianico_F15",
"crs": { "type": "name", "properties": { "name": "urn:ogc:def:crs:OGC:1.3:CRS84" } },
"features": [
{ "type": "Feature", "properties": { "NATIONALCADASTRALREFERENCE": "F196_001500.1", "ADMINISTRATIVEUNIT": "F196", "codice_istat": "069050", "regione": "Abruzzo", "provincia": "CH", "comune": "Miglianico", "sezione": null, "foglio": "15", "allegato": null, "sviluppo": null, "particella": "1" }, "geometry": { "type": "Polygon", "coordinates": [ [ [ 14.26554734, 42.34777966 ], [ 14.2648483, 42.34823648 ], [ 14.26440912, 42.3478681 ], [ 14.26493157, 42.34759676 ], [ 14.26539594, 42.34734702 ], [ 14.26608432, 42.3469956 ], [ 14.26607006, 42.34696193 ], [ 14.26438771, 42.3478353 ], [ 14.26414534, 42.34762411 ], [ 14.26440568, 42.34742751 ], [ 14.26448946, 42.34733773 ], [ 14.26459681, 42.34716745 ], [ 14.26467897, 42.34709075 ], [ 14.26501362, 42.34696828 ], [ 14.26551901, 42.34679099 ], [ 14.26559196, 42.34673133 ], [ 14.26593814, 42.34686201 ], [ 14.26620719, 42.34697992 ], [ 14.26675722, 42.34722957 ], [ 14.26703659, 42.34735538 ], [ 14.26760557, 42.3476095 ], [ 14.26780633, 42.34770741 ], [ 14.26817401, 42.34788725 ], [ 14.26847835, 42.34803486 ], [ 14.26887219, 42.34825107 ], [ 14.26916757, 42.34837869 ], [ 14.26925767, 42.3484272 ], [ 14.26945654, 42.34856617 ], [ 14.26971781, 42.34876034 ], [ 14.26968321, 42.34877732 ], [ 14.26952658, 42.34865609 ], [ 14.26880793, 42.34907744 ], [ 14.26887492, 42.34914098 ], [ 14.26878197, 42.34918767 ], [ 14.26870615, 42.34918895 ], [ 14.26849291, 42.34925575 ], [ 14.2684145, 42.34923275 ], [ 14.26743055, 42.34914206 ], [ 14.26583552, 42.34897927 ], [ 14.2654314, 42.34866952 ], [ 14.26623138, 42.34817469 ], [ 14.26563669, 42.34771911 ], [ 14.26559819, 42.34774649 ], [ 14.26562621, 42.3477712 ], [ 14.26557462, 42.34780365 ], [ 14.26554734, 42.34777966 ] ], [ [ 14.2676877, 42.34909246 ], [ 14.26838847, 42.34879538 ], [ 14.26823517, 42.34868612 ], [ 14.2674985, 42.34898972 ], [ 14.2676877, 42.34909246 ] ] ] } },
{ "type": "Feature", "properties": { "NATIONALCADASTRALREFERENCE": "F196_001500.10", "ADMINISTRATIVEUNIT": "F196", "codice_istat": "069050", "regione": "Abruzzo", "provincia": "CH", "comune": "Miglianico", "sezione": null, "foglio": "15", "allegato": null, "sviluppo": null, "particella": "10" }, "geometry": { "type": "Polygon", "coordinates": [ [ [ 14.25699331, 42.34876505 ], [ 14.25767779, 42.3493543 ], [ 14.25711367, 42.34973529 ], [ 14.25711712, 42.34966435 ], [ 14.25707406, 42.3495263 ], [ 14.25700557, 42.34936236 ], [ 14.25688374, 42.34922356 ], [ 14.25671264, 42.34903449 ], [ 14.25699331, 42.34876505 ] ] ] } },
{ "type": "Feature", "properties": { "NATIONALCADASTRALREFERENCE": "F196_001500.105", "ADMINISTRATIVEUNIT": "F196", "codice_istat": "069050", "regione": "Abruzzo", "provincia": "CH", "comune": "Miglianico", "sezione": null, "foglio": "15", "allegato": null, "sviluppo": null, "particella": "105" }, "geometry": { "type": "Polygon", "coordinates": [ [ [ 14.2584143, 42.34509442 ], [ 14.25882617, 42.34520822 ], [ 14.25903826, 42.34509528 ], [ 14.25916467, 42.34514795 ], [ 14.25927752, 42.34519714 ], [ 14.25919348, 42.34526627 ], [ 14.25912771, 42.34522295 ], [ 14.25908697, 42.34526293 ], [ 14.25915282, 42.3453059 ], [ 14.25903553, 42.34541194 ], [ 14.25832223, 42.34509818 ], [ 14.25837037, 42.34504242 ], [ 14.2584143, 42.34509442 ] ] ] } },
{ "type": "Feature", "properties": { "NATIONALCADASTRALREFERENCE": "F196_001500.106", "ADMINISTRATIVEUNIT": "F196", "codice_istat": "069050", "regione": "Abruzzo", "provincia": "CH", "comune": "Miglianico", "sezione": null, "foglio": "15", "allegato": null, "sviluppo": null, "particella": "106" }, "geometry": { "type": "Polygon", "coordinates": [ [ [ 14.25694868, 42.34731985 ], [ 14.25674384, 42.3475726 ], [ 14.25704471, 42.34775708 ], [ 14.25717729, 42.34785762 ], [ 14.25732834, 42.347995 ], [ 14.25760833, 42.34825321 ], [ 14.25744084, 42.34835466 ], [ 14.25728947, 42.34846519 ], [ 14.25621577, 42.34759439 ], [ 14.25626966, 42.34752868 ], [ 14.25638101, 42.34736836 ], [ 14.25658367, 42.34706516 ], [ 14.2566339, 42.34694279 ], [ 14.25670556, 42.34680988 ], [ 14.25714993, 42.34707911 ], [ 14.25705012, 42.34719774 ], [ 14.25694868, 42.34731985 ] ] ] } },
{ "type": "Feature", "properties": { "NATIONALCADASTRALREFERENCE": "F196_001500.107", "ADMINISTRATIVEUNIT": "F196", "codice_istat": "069050", "regione": "Abruzzo", "provincia": "CH", "comune": "Miglianico", "sezione": null, "foglio": "15", "allegato": null, "sviluppo": null, "particella": "107" }, "geometry": { "type": "Polygon", "coordinates": [ [ [ 14.2571927, 42.34621247 ], [ 14.25753709, 42.34640369 ], [ 14.25781449, 42.34658122 ], [ 14.25792759, 42.34665654 ], [ 14.25798233, 42.34669559 ], [ 14.25814802, 42.34689087 ], [ 14.25831042, 42.34709384 ], [ 14.25777551, 42.34712496 ], [ 14.25735822, 42.34681967 ], [ 14.25720315, 42.34700895 ], [ 14.25714993, 42.34707911 ], [ 14.25670556, 42.34680988 ], [ 14.25675794, 42.3467111 ], [ 14.25686188, 42.34656513 ], [ 14.25711391, 42.34630249 ], [ 14.2571927, 42.34621247 ] ] ] } },
{ "type": "Feature", "properties": { "NATIONALCADASTRALREFERENCE": "F196_001500.108", "ADMINISTRATIVEUNIT": "F196", "codice_istat": "069050", "regione": "Abruzzo", "provincia": "CH", "comune": "Miglianico", "sezione": null, "foglio": "15", "allegato": null, "sviluppo": null, "particella": "108" }, "geometry": { "type": "Polygon", "coordinates": [ [ [ 14.25659188, 42.34622587 ], [ 14.25680003, 42.3460683 ], [ 14.25711391, 42.34630249 ], [ 14.25686188, 42.34656513 ], [ 14.25675868, 42.34648909 ], [ 14.25652811, 42.34632261 ], [ 14.25659188, 42.34622587 ] ] ] } },
{ "type": "Feature", "properties": { "NATIONALCADASTRALREFERENCE": "F196_001500.109", "ADMINISTRATIVEUNIT": "F196", "codice_istat": "069050", "regione": "Abruzzo", "provincia": "CH", "comune": "Miglianico", "sezione": null, "foglio": "15", "allegato": null, "sviluppo": null, "particella": "109" }, "geometry": { "type": "Polygon", "coordinates": [ [ [ 14.25624118, 42.34569715 ], [ 14.25651527, 42.34586789 ], [ 14.25680003, 42.3460683 ], [ 14.25659188, 42.34622587 ], [ 14.25646519, 42.34615019 ], [ 14.25610339, 42.34589491 ], [ 14.25624118, 42.34569715 ] ] ] } },
{ "type": "Feature", "properties": { "NATIONALCADASTRALREFERENCE": "F196_001500.112", "ADMINISTRATIVEUNIT": "F196", "codice_istat": "069050", "regione": "Abruzzo", "provincia": "CH", "comune": "Miglianico", "sezione": null, "foglio": "15", "allegato": null, "sviluppo": null, "particella": "112" }, "geometry": { "type": "Polygon", "coordinates": [ [ [ 14.25705012, 42.34719774 ], [ 14.25786641, 42.34781403 ], [ 14.25773825, 42.34794001 ], [ 14.25757656, 42.34780835 ], [ 14.25694868, 42.34731985 ], [ 14.25705012, 42.34719774 ] ] ] } },
{ "type": "Feature", "properties": { "NATIONALCADASTRALREFERENCE": "F196_001500.113", "ADMINISTRATIVEUNIT": "F196", "codice_istat": "069050", "regione": "Abruzzo", "provincia": "CH", "comune": "Miglianico", "sezione": null, "foglio": "15", "allegato": null, "sviluppo": null, "particella": "113" }, "geometry": { "type": "Polygon", "coordinates": [ [ [ 14.25720315, 42.34700895 ], [ 14.25735822, 42.34681967 ], [ 14.25777551, 42.34712496 ], [ 14.25789222, 42.34721879 ], [ 14.25790377, 42.34723033 ], [ 14.25805553, 42.34738944 ], [ 14.25806462, 42.34740053 ], [ 14.25824608, 42.34751867 ], [ 14.25832976, 42.34760932 ], [ 14.258173, 42.34776436 ], [ 14.25720315, 42.34700895 ] ] ] } },
{ "type": "Feature", "properties": { "NATIONALCADASTRALREFERENCE": "F196_001500.114", "ADMINISTRATIVEUNIT": "F196", "codice_istat": "069050", "regione": "Abruzzo", "provincia": "CH", "comune": "Miglianico", "sezione": null, "foglio": "15", "allegato": null, "sviluppo": null, "particella": "114" }, "geometry": { "type": "Polygon", "coordinates": [ [ [ 14.25754277, 42.34627598 ], [ 14.25780538, 42.34627835 ], [ 14.2582295, 42.34617912 ], [ 14.2583173, 42.34616 ], [ 14.25834047, 42.34615021 ], [ 14.25841946, 42.34619258 ], [ 14.25824498, 42.3462984 ], [ 14.25781449, 42.34658122 ], [ 14.25753709, 42.34640369 ], [ 14.2571927, 42.34621247 ], [ 14.25727437, 42.34611228 ], [ 14.25731695, 42.34620418 ], [ 14.25737889, 42.34623768 ], [ 14.25754277, 42.34627598 ] ] ] } },
{ "type": "Feature", "properties": { "NATIONALCADASTRALREFERENCE": "F196_001500.115", "ADMINISTRATIVEUNIT": "F196", "codice_istat": "069050", "regione": "Abruzzo", "provincia": "CH", "comune": "Miglianico", "sezione": null, "foglio": "15", "allegato": null, "sviluppo": null, "particella": "115" }, "geometry": { "type": "Polygon", "coordinates": [ [ [ 14.25762255, 42.34566679 ], [ 14.25779622, 42.34544729 ], [ 14.25784189, 42.34540228 ], [ 14.25801466, 42.34551473 ], [ 14.25788734, 42.3457938 ], [ 14.25801455, 42.34583081 ], [ 14.25811173, 42.34587041 ], [ 14.25794323, 42.34607848 ], [ 14.25784957, 42.34605223 ], [ 14.25771828, 42.3460338 ], [ 14.25757667, 42.34600927 ], [ 14.25739729, 42.34594118 ], [ 14.25762255, 42.34566679 ] ] ] } },
{ "type": "Feature", "properties": { "NATIONALCADASTRALREFERENCE": "F196_001500.119", "ADMINISTRATIVEUNIT": "F196", "codice_istat": "069050", "regione": "Abruzzo", "provincia": "CH", "comune": "Miglianico", "sezione": null, "foglio": "15", "allegato": null, "sviluppo": null, "particella": "119" }, "geometry": { "type": "Polygon", "coordinates": [ [ [ 14.25864225, 42.34641094 ], [ 14.25861726, 42.34636664 ], [ 14.25865504, 42.34635489 ], [ 14.25867638, 42.34639828 ], [ 14.25864225, 42.34641094 ] ] ] } },
{ "type": "Feature", "properties": { "NATIONALCADASTRALREFERENCE": "F196_001500.122", "ADMINISTRATIVEUNIT": "F196", "codice_istat": "069050", "regione": "Abruzzo", "provincia": "CH", "comune": "Miglianico", "sezione": null, "foglio": "15", "allegato": null, "sviluppo": null, "particella": "122" }, "geometry": { "type": "Polygon", "coordinates": [ [ [ 14.25920162, 42.34473662 ], [ 14.25961175, 42.34446434 ], [ 14.25990545, 42.34487217 ], [ 14.25960107, 42.34502772 ], [ 14.25920162, 42.34473662 ] ] ] } },
{ "type": "Feature", "properties": { "NATIONALCADASTRALREFERENCE": "F196_001500.123", "ADMINISTRATIVEUNIT": "F196", "codice_istat": "069050", "regione": "Abruzzo", "provincia": "CH", "comune": "Miglianico", "sezione": null, "foglio": "15", "allegato": null, "sviluppo": null, "particella": "123" }, "geometry": { "type": "Polygon", "coordinates": [ [ [ 14.26005344, 42.34474119 ], [ 14.25979582, 42.34435017 ], [ 14.25994727, 42.34425477 ], [ 14.26014153, 42.34463061 ], [ 14.26005344, 42.34474119 ] ] ] } },
{ "type": "Feature", "properties": { "NATIONALCADASTRALREFERENCE": "F196_001500.126", "ADMINISTRATIVEUNIT": "F196", "codice_istat": "069050", "regione": "Abruzzo", "provincia": "CH", "comune": "Miglianico", "sezione": null, "foglio": "15", "allegato": null, "sviluppo": null, "particella": "126" }, "geometry": { "type": "Polygon", "coordinates": [ [ [ 14.2648483, 42.34823648 ], [ 14.26554734, 42.34777966 ], [ 14.26557462, 42.34780365 ], [ 14.26562621, 42.3477712 ], [ 14.26559819, 42.34774649 ], [ 14.26563669, 42.34771911 ], [ 14.26623138, 42.34817469 ], [ 14.2654314, 42.34866952 ], [ 14.2653287, 42.34858014 ], [ 14.2648483, 42.34823648 ] ] ] } },
{ "type": "Feature", "properties": { "NATIONALCADASTRALREFERENCE": "F196_001500.127", "ADMINISTRATIVEUNIT": "F196", "codice_istat": "069050", "regione": "Abruzzo", "provincia": "CH", "comune": "Miglianico", "sezione": null, "foglio": "15", "allegato": null, "sviluppo": null, "particella": "127" }, "geometry": { "type": "Polygon", "coordinates": [ [ [ 14.26307722, 42.34816861 ], [ 14.26347521, 42.34805051 ], [ 14.26371874, 42.34834617 ], [ 14.26332837, 42.34868009 ], [ 14.26274289, 42.34880527 ], [ 14.26261161, 42.34830205 ], [ 14.26307722, 42.34816861 ] ] ] } },
{ "type": "Feature", "properties": { "NATIONALCADASTRALREFERENCE": "F196_001500.128", "ADMINISTRATIVEUNIT": "F196", "codice_istat": "069050", "regione": "Abruzzo", "provincia": "CH", "comune": "Miglianico", "sezione": null, "foglio": "15", "allegato": null, "sviluppo": null, "particella": "128" }, "geometry": { "type": "Polygon", "coordinates": [ [ [ 14.2676877, 42.34909246 ], [ 14.2674985, 42.34898972 ], [ 14.26823517, 42.34868612 ], [ 14.26838847, 42.34879538 ], [ 14.2676877, 42.34909246 ] ] ] } },
{ "type": "Feature", "properties": { "NATIONALCADASTRALREFERENCE": "F196_001500.129", "ADMINISTRATIVEUNIT": "F196", "codice_istat": "069050", "regione": "Abruzzo", "provincia": "CH", "comune": "Miglianico", "sezione": null, "foglio": "15", "allegato": null, "sviluppo": null, "particella": "129" }, "geometry": { "type": "Polygon", "coordinates": [ [ [ 14.26190524, 42.34731437 ], [ 14.26267166, 42.34699655 ], [ 14.26403301, 42.3475688 ], [ 14.26405925, 42.34760585 ], [ 14.2640944, 42.34763496 ], [ 14.26385063, 42.34781813 ], [ 14.26368335, 42.34786021 ], [ 14.26343549, 42.34796251 ], [ 14.26335462, 42.34800999 ], [ 14.26314178, 42.34808949 ], [ 14.2630574, 42.34815242 ], [ 14.26286423, 42.34818779 ], [ 14.26256466, 42.3482415 ], [ 14.26190524, 42.34731437 ] ] ] } },
{ "type": "Feature", "properties": { "NATIONALCADASTRALREFERENCE": "F196_001500.13", "ADMINISTRATIVEUNIT": "F196", "codice_istat": "069050", "regione": "Abruzzo", "provincia": "CH", "comune": "Miglianico", "sezione": null, "foglio": "15", "allegato": null, "sviluppo": null, "particella": "13" }, "geometry": { "type": "Polygon", "coordinates": [ [ [ 14.25532357, 42.34659935 ], [ 14.2553944, 42.34660763 ], [ 14.25544019, 42.34662434 ], [ 14.25547647, 42.34664703 ], [ 14.25538547, 42.34671561 ], [ 14.25535362, 42.34673537 ], [ 14.25534059, 42.34674332 ], [ 14.25528588, 42.34670358 ], [ 14.25532357, 42.34659935 ] ] ] } },
{ "type": "Feature", "properties": { "NATIONALCADASTRALREFERENCE": "F196_001500.130", "ADMINISTRATIVEUNIT": "F196", "codice_istat": "069050", "regione": "Abruzzo", "provincia": "CH", "comune": "Miglianico", "sezione": null, "foglio": "15", "allegato": null, "sviluppo": null, "particella": "130" }, "geometry": { "type": "Polygon", "coordinates": [ [ [ 14.26072089, 42.34779431 ], [ 14.26190524, 42.34731437 ], [ 14.26256466, 42.3482415 ], [ 14.26221955, 42.34827725 ], [ 14.2619132, 42.34838339 ], [ 14.26174707, 42.34843086 ], [ 14.26164202, 42.34844 ], [ 14.26152913, 42.34848549 ], [ 14.26144437, 42.34850535 ], [ 14.26072089, 42.34779431 ] ] ] } },
{ "type": "Feature", "properties": { "NATIONALCADASTRALREFERENCE": "F196_001500.131", "ADMINISTRATIVEUNIT": "F196", "codice_istat": "069050", "regione": "Abruzzo", "provincia": "CH", "comune": "Miglianico", "sezione": null, "foglio": "15", "allegato": null, "sviluppo": null, "particella": "131" }, "geometry": { "type": "Polygon", "coordinates": [ [ [ 14.25879449, 42.34859152 ], [ 14.26015479, 42.34802389 ], [ 14.26062276, 42.34865599 ], [ 14.26049235, 42.34867554 ], [ 14.26027747, 42.34879362 ], [ 14.26015014, 42.34880719 ], [ 14.25983409, 42.3489537 ], [ 14.25942843, 42.34911329 ], [ 14.25879449, 42.34859152 ] ] ] } },
{ "type": "Feature", "properties": { "NATIONALCADASTRALREFERENCE": "F196_001500.132", "ADMINISTRATIVEUNIT": "F196", "codice_istat": "069050", "regione": "Abruzzo", "provincia": "CH", "comune": "Miglianico", "sezione": null, "foglio": "15", "allegato": null, "sviluppo": null, "particella": "132" }, "geometry": { "type": "Polygon", "coordinates": [ [ [ 14.25849823, 42.34879369 ], [ 14.25879449, 42.34859152 ], [ 14.25942843, 42.34911329 ], [ 14.25917289, 42.34921012 ], [ 14.25893396, 42.34929174 ], [ 14.25852816, 42.34942567 ], [ 14.25837534, 42.34947781 ], [ 14.25811507, 42.34950742 ], [ 14.25794602, 42.34950881 ], [ 14.2576041, 42.34958115 ], [ 14.25731961, 42.34963879 ], [ 14.25715761, 42.34981071 ], [ 14.25711065, 42.34988325 ], [ 14.25711367, 42.34973529 ], [ 14.25767779, 42.3493543 ], [ 14.25849823, 42.34879369 ] ] ] } },
{ "type": "Feature", "properties": { "NATIONALCADASTRALREFERENCE": "F196_001500.133", "ADMINISTRATIVEUNIT": "F196", "codice_istat": "069050", "regione": "Abruzzo", "provincia": "CH", "comune": "Miglianico", "sezione": null, "foglio": "15", "allegato": null, "sviluppo": null, "particella": "133" }, "geometry": { "type": "Polygon", "coordinates": [ [ [ 14.2613493, 42.34612248 ], [ 14.26218718, 42.34553866 ], [ 14.26264637, 42.34593852 ], [ 14.261834, 42.34649571 ], [ 14.2613493, 42.34612248 ] ] ] } },
{ "type": "Feature", "properties": { "NATIONALCADASTRALREFERENCE": "F196_001500.135", "ADMINISTRATIVEUNIT": "F196", "codice_istat": "069050", "regione": "Abruzzo", "provincia": "CH", "comune": "Miglianico", "sezione": null, "foglio": "15", "allegato": null, "sviluppo": null, "particella": "135" }, "geometry": { "type": "Polygon", "coordinates": [ [ [ 14.26014153, 42.34463061 ], [ 14.26049854, 42.34425659 ], [ 14.26096756, 42.3444736 ], [ 14.26108322, 42.34457239 ], [ 14.26060483, 42.34479145 ], [ 14.26038952, 42.34489296 ], [ 14.26005344, 42.34474119 ], [ 14.26014153, 42.34463061 ] ] ] } },
{ "type": "Feature", "properties": { "NATIONALCADASTRALREFERENCE": "F196_001500.136", "ADMINISTRATIVEUNIT": "F196", "codice_istat": "069050", "regione": "Abruzzo", "provincia": "CH", "comune": "Miglianico", "sezione": null, "foglio": "15", "allegato": null, "sviluppo": null, "particella": "136" }, "geometry": { "type": "Polygon", "coordinates": [ [ [ 14.25817183, 42.34354165 ], [ 14.25857028, 42.34349468 ], [ 14.25912376, 42.34340724 ], [ 14.2588823, 42.34369112 ], [ 14.25879952, 42.343747 ], [ 14.25872601, 42.34383246 ], [ 14.25859377, 42.34405064 ], [ 14.25851037, 42.34415171 ], [ 14.25846753, 42.34420214 ], [ 14.2584156, 42.34426317 ], [ 14.2583918, 42.34424523 ], [ 14.25822892, 42.34409835 ], [ 14.25808415, 42.34395194 ], [ 14.25790699, 42.34379008 ], [ 14.25813716, 42.34357225 ], [ 14.25817183, 42.34354165 ] ] ] } },
{ "type": "Feature", "properties": { "NATIONALCADASTRALREFERENCE": "F196_001500.137", "ADMINISTRATIVEUNIT": "F196", "codice_istat": "069050", "regione": "Abruzzo", "provincia": "CH", "comune": "Miglianico", "sezione": null, "foglio": "15", "allegato": null, "sviluppo": null, "particella": "137" }, "geometry": { "type": "Polygon", "coordinates": [ [ [ 14.25449974, 42.34663699 ], [ 14.2547436, 42.34677919 ], [ 14.25469005, 42.34688434 ], [ 14.25444207, 42.34675775 ], [ 14.25449974, 42.34663699 ] ] ] } },
{ "type": "Feature", "properties": { "NATIONALCADASTRALREFERENCE": "F196_001500.138", "ADMINISTRATIVEUNIT": "F196", "codice_istat": "069050", "regione": "Abruzzo", "provincia": "CH", "comune": "Miglianico", "sezione": null, "foglio": "15", "allegato": null, "sviluppo": null, "particella": "138" }, "geometry": { "type": "Polygon", "coordinates": [ [ [ 14.25632019, 42.34851643 ], [ 14.25662075, 42.34833558 ], [ 14.25697825, 42.34865571 ], [ 14.25667389, 42.34899666 ], [ 14.256533, 42.34885969 ], [ 14.25636342, 42.34856758 ], [ 14.25632019, 42.34851643 ] ] ] } },
{ "type": "Feature", "properties": { "NATIONALCADASTRALREFERENCE": "F196_001500.139", "ADMINISTRATIVEUNIT": "F196", "codice_istat": "069050", "regione": "Abruzzo", "provincia": "CH", "comune": "Miglianico", "sezione": null, "foglio": "15", "allegato": null, "sviluppo": null, "particella": "139" }, "geometry": { "type": "Polygon", "coordinates": [ [ [ 14.25757656, 42.34780835 ], [ 14.25773825, 42.34794001 ], [ 14.25788535, 42.34805323 ], [ 14.2578572, 42.34808399 ], [ 14.25779055, 42.34812795 ], [ 14.25760833, 42.34825321 ], [ 14.25732834, 42.347995 ], [ 14.25757656, 42.34780835 ] ] ] } },
{ "type": "Feature", "properties": { "NATIONALCADASTRALREFERENCE": "F196_001500.14", "ADMINISTRATIVEUNIT": "F196", "codice_istat": "069050", "regione": "Abruzzo", "provincia": "CH", "comune": "Miglianico", "sezione": null, "foglio": "15", "allegato": null, "sviluppo": null, "particella": "14" }, "geometry": { "type": "Polygon", "coordinates": [ [ [ 14.25538547, 42.34671561 ], [ 14.25547647, 42.34664703 ], [ 14.25544019, 42.34662434 ], [ 14.25552243, 42.34660373 ], [ 14.25556411, 42.34662821 ], [ 14.25554094, 42.34665226 ], [ 14.25552097, 42.34667052 ], [ 14.25545095, 42.34674182 ], [ 14.25542384, 42.34676741 ], [ 14.25540197, 42.34678584 ], [ 14.25534059, 42.34674332 ], [ 14.25535362, 42.34673537 ], [ 14.25538547, 42.34671561 ] ] ] } },
{ "type": "Feature", "properties": { "NATIONALCADASTRALREFERENCE": "F196_001500.140", "ADMINISTRATIVEUNIT": "F196", "codice_istat": "069050", "regione": "Abruzzo", "provincia": "CH", "comune": "Miglianico", "sezione": null, "foglio": "15", "allegato": null, "sviluppo": null, "particella": "140" }, "geometry": { "type": "Polygon", "coordinates": [ [ [ 14.25579988, 42.3447637 ], [ 14.25593837, 42.34460901 ], [ 14.25604187, 42.34469096 ], [ 14.25603971, 42.34473361 ], [ 14.25610539, 42.34478884 ], [ 14.25597955, 42.34487528 ], [ 14.25579988, 42.3447637 ] ] ] } },
{ "type": "Feature", "properties": { "NATIONALCADASTRALREFERENCE": "F196_001500.142", "ADMINISTRATIVEUNIT": "F196", "codice_istat": "069050", "regione": "Abruzzo", "provincia": "CH", "comune": "Miglianico", "sezione": null, "foglio": "15", "allegato": null, "sviluppo": null, "particella": "142" }, "geometry": { "type": "Polygon", "coordinates": [ [ [ 14.25453012, 42.3461277 ], [ 14.25494461, 42.34569476 ], [ 14.25517507, 42.34581164 ], [ 14.25489098, 42.34610461 ], [ 14.25475351, 42.34624994 ], [ 14.25453012, 42.3461277 ] ] ] } },
{ "type": "Feature", "properties": { "NATIONALCADASTRALREFERENCE": "F196_001500.143", "ADMINISTRATIVEUNIT": "F196", "codice_istat": "069050", "regione": "Abruzzo", "provincia": "CH", "comune": "Miglianico", "sezione": null, "foglio": "15", "allegato": null, "sviluppo": null, "particella": "143" }, "geometry": { "type": "Polygon", "coordinates": [ [ [ 14.2550275, 42.34618262 ], [ 14.25521837, 42.34629269 ], [ 14.25506457, 42.3464327 ], [ 14.2548849, 42.34632163 ], [ 14.2550275, 42.34618262 ] ] ] } },
{ "type": "Feature", "properties": { "NATIONALCADASTRALREFERENCE": "F196_001500.144", "ADMINISTRATIVEUNIT": "F196", "codice_istat": "069050", "regione": "Abruzzo", "provincia": "CH", "comune": "Miglianico", "sezione": null, "foglio": "15", "allegato": null, "sviluppo": null, "particella": "144" }, "geometry": { "type": "Polygon", "coordinates": [ [ [ 14.25676802, 42.34519329 ], [ 14.25705103, 42.34534678 ], [ 14.25672689, 42.34560252 ], [ 14.25647139, 42.34544072 ], [ 14.25676802, 42.34519329 ] ] ] } },
{ "type": "Feature", "properties": { "NATIONALCADASTRALREFERENCE": "F196_001500.145", "ADMINISTRATIVEUNIT": "F196", "codice_istat": "069050", "regione": "Abruzzo", "provincia": "CH", "comune": "Miglianico", "sezione": null, "foglio": "15", "allegato": null, "sviluppo": null, "particella": "145" }, "geometry": { "type": "Polygon", "coordinates": [ [ [ 14.25837639, 42.3471822 ], [ 14.25868064, 42.34703133 ], [ 14.25878676, 42.34727693 ], [ 14.25879906, 42.34730705 ], [ 14.25861234, 42.34748855 ], [ 14.25837639, 42.3471822 ] ] ] } },
{ "type": "Feature", "properties": { "NATIONALCADASTRALREFERENCE": "F196_001500.146", "ADMINISTRATIVEUNIT": "F196", "codice_istat": "069050", "regione": "Abruzzo", "provincia": "CH", "comune": "Miglianico", "sezione": null, "foglio": "15", "allegato": null, "sviluppo": null, "particella": "146" }, "geometry": { "type": "Polygon", "coordinates": [ [ [ 14.25850426, 42.34664083 ], [ 14.2587219, 42.34657447 ], [ 14.25886793, 42.34683872 ], [ 14.25860015, 42.34691688 ], [ 14.25852855, 42.34679208 ], [ 14.25850426, 42.34664083 ] ] ] } },
{ "type": "Feature", "properties": { "NATIONALCADASTRALREFERENCE": "F196_001500.147", "ADMINISTRATIVEUNIT": "F196", "codice_istat": "069050", "regione": "Abruzzo", "provincia": "CH", "comune": "Miglianico", "sezione": null, "foglio": "15", "allegato": null, "sviluppo": null, "particella": "147" }, "geometry": { "type": "Polygon", "coordinates": [ [ [ 14.2565278, 42.34490392 ], [ 14.25690479, 42.34504665 ], [ 14.25670719, 42.34521145 ], [ 14.2564233, 42.3450146 ], [ 14.25640723, 42.34500411 ], [ 14.2565278, 42.34490392 ] ] ] } },
{ "type": "Feature", "properties": { "NATIONALCADASTRALREFERENCE": "F196_001500.148", "ADMINISTRATIVEUNIT": "F196", "codice_istat": "069050", "regione": "Abruzzo", "provincia": "CH", "comune": "Miglianico", "sezione": null, "foglio": "15", "allegato": null, "sviluppo": null, "particella": "148" }, "geometry": { "type": "Polygon", "coordinates": [ [ [ 14.25660962, 42.34482509 ], [ 14.25707549, 42.34490469 ], [ 14.25690479, 42.34504665 ], [ 14.2565278, 42.34490392 ], [ 14.25660962, 42.34482509 ] ] ] } },
{ "type": "Feature", "properties": { "NATIONALCADASTRALREFERENCE": "F196_001500.149", "ADMINISTRATIVEUNIT": "F196", "codice_istat": "069050", "regione": "Abruzzo", "provincia": "CH", "comune": "Miglianico", "sezione": null, "foglio": "15", "allegato": null, "sviluppo": null, "particella": "149" }, "geometry": { "type": "Polygon", "coordinates": [ [ [ 14.25674673, 42.34337214 ], [ 14.25713851, 42.343655 ], [ 14.25683774, 42.34395762 ], [ 14.25660949, 42.34380148 ], [ 14.25638596, 42.34364274 ], [ 14.25652461, 42.34354003 ], [ 14.25659058, 42.34349016 ], [ 14.25674673, 42.34337214 ] ] ] } },
{ "type": "Feature", "properties": { "NATIONALCADASTRALREFERENCE": "F196_001500.15", "ADMINISTRATIVEUNIT": "F196", "codice_istat": "069050", "regione": "Abruzzo", "provincia": "CH", "comune": "Miglianico", "sezione": null, "foglio": "15", "allegato": null, "sviluppo": null, "particella": "15" }, "geometry": { "type": "Polygon", "coordinates": [ [ [ 14.25554094, 42.34665226 ], [ 14.25565067, 42.34677147 ], [ 14.2555027, 42.34685142 ], [ 14.25540197, 42.34678584 ], [ 14.25542384, 42.34676741 ], [ 14.25545095, 42.34674182 ], [ 14.25552097, 42.34667052 ], [ 14.25554094, 42.34665226 ] ] ] } },
{ "type": "Feature", "properties": { "NATIONALCADASTRALREFERENCE": "F196_001500.151", "ADMINISTRATIVEUNIT": "F196", "codice_istat": "069050", "regione": "Abruzzo", "provincia": "CH", "comune": "Miglianico", "sezione": null, "foglio": "15", "allegato": null, "sviluppo": null, "particella": "151" }, "geometry": { "type": "Polygon", "coordinates": [ [ [ 14.25758913, 42.34333917 ], [ 14.25775623, 42.3431874 ], [ 14.25769159, 42.34313355 ], [ 14.25793399, 42.34292406 ], [ 14.25802969, 42.34293851 ], [ 14.25815445, 42.34294034 ], [ 14.25818798, 42.34294925 ], [ 14.25807648, 42.34306183 ], [ 14.25766361, 42.34339938 ], [ 14.25758913, 42.34333917 ] ] ] } },
{ "type": "Feature", "properties": { "NATIONALCADASTRALREFERENCE": "F196_001500.152", "ADMINISTRATIVEUNIT": "F196", "codice_istat": "069050", "regione": "Abruzzo", "provincia": "CH", "comune": "Miglianico", "sezione": null, "foglio": "15", "allegato": null, "sviluppo": null, "particella": "152" }, "geometry": { "type": "Polygon", "coordinates": [ [ [ 14.25727805, 42.34204676 ], [ 14.25758023, 42.34188442 ], [ 14.25773354, 42.34204024 ], [ 14.25764699, 42.34208552 ], [ 14.25742813, 42.34220001 ], [ 14.25727805, 42.34204676 ] ] ] } },
{ "type": "Feature", "properties": { "NATIONALCADASTRALREFERENCE": "F196_001500.154", "ADMINISTRATIVEUNIT": "F196", "codice_istat": "069050", "regione": "Abruzzo", "provincia": "CH", "comune": "Miglianico", "sezione": null, "foglio": "15", "allegato": null, "sviluppo": null, "particella": "154" }, "geometry": { "type": "Polygon", "coordinates": [ [ [ 14.25765822, 42.34281152 ], [ 14.25813287, 42.34239886 ], [ 14.25815735, 42.34237756 ], [ 14.25835787, 42.34251304 ], [ 14.25787224, 42.34290864 ], [ 14.25765822, 42.34281152 ] ] ] } },
{ "type": "Feature", "properties": { "NATIONALCADASTRALREFERENCE": "F196_001500.155", "ADMINISTRATIVEUNIT": "F196", "codice_istat": "069050", "regione": "Abruzzo", "provincia": "CH", "comune": "Miglianico", "sezione": null, "foglio": "15", "allegato": null, "sviluppo": null, "particella": "155" }, "geometry": { "type": "Polygon", "coordinates": [ [ [ 14.25787224, 42.34290864 ], [ 14.25835787, 42.34251304 ], [ 14.25842328, 42.34255949 ], [ 14.25856865, 42.34265886 ], [ 14.25818798, 42.34294925 ], [ 14.25815445, 42.34294034 ], [ 14.25802969, 42.34293851 ], [ 14.25793399, 42.34292406 ], [ 14.25787224, 42.34290864 ] ] ] } },
{ "type": "Feature", "properties": { "NATIONALCADASTRALREFERENCE": "F196_001500.157", "ADMINISTRATIVEUNIT": "F196", "codice_istat": "069050", "regione": "Abruzzo", "provincia": "CH", "comune": "Miglianico", "sezione": null, "foglio": "15", "allegato": null, "sviluppo": null, "particella": "157" }, "geometry": { "type": "Polygon", "coordinates": [ [ [ 14.25777551, 42.34712496 ], [ 14.25831042, 42.34709384 ], [ 14.25837639, 42.3471822 ], [ 14.25861234, 42.34748855 ], [ 14.25850894, 42.34755356 ], [ 14.25832976, 42.34760932 ], [ 14.25824608, 42.34751867 ], [ 14.25806462, 42.34740053 ], [ 14.25805553, 42.34738944 ], [ 14.25790377, 42.34723033 ], [ 14.25789222, 42.34721879 ], [ 14.25777551, 42.34712496 ] ] ] } },
{ "type": "Feature", "properties": { "NATIONALCADASTRALREFERENCE": "F196_001500.158", "ADMINISTRATIVEUNIT": "F196", "codice_istat": "069050", "regione": "Abruzzo", "provincia": "CH", "comune": "Miglianico", "sezione": null, "foglio": "15", "allegato": null, "sviluppo": null, "particella": "158" }, "geometry": { "type": "Polygon", "coordinates": [ [ [ 14.25786641, 42.34781403 ], [ 14.2580098, 42.34792954 ], [ 14.25788535, 42.34805323 ], [ 14.25773825, 42.34794001 ], [ 14.25786641, 42.34781403 ] ] ] } },
{ "type": "Feature", "properties": { "NATIONALCADASTRALREFERENCE": "F196_001500.159", "ADMINISTRATIVEUNIT": "F196", "codice_istat": "069050", "regione": "Abruzzo", "provincia": "CH", "comune": "Miglianico", "sezione": null, "foglio": "15", "allegato": null, "sviluppo": null, "particella": "159" }, "geometry": { "type": "Polygon", "coordinates": [ [ [ 14.25966072, 42.34422302 ], [ 14.26003501, 42.34477018 ], [ 14.25998656, 42.34482746 ], [ 14.25990545, 42.34487217 ], [ 14.25961175, 42.34446434 ], [ 14.25947829, 42.34434716 ], [ 14.25956392, 42.34428889 ], [ 14.25966072, 42.34422302 ] ] ] } },
{ "type": "Feature", "properties": { "NATIONALCADASTRALREFERENCE": "F196_001500.16", "ADMINISTRATIVEUNIT": "F196", "codice_istat": "069050", "regione": "Abruzzo", "provincia": "CH", "comune": "Miglianico", "sezione": null, "foglio": "15", "allegato": null, "sviluppo": null, "particella": "16" }, "geometry": { "type": "Polygon", "coordinates": [ [ [ 14.25505486, 42.34691627 ], [ 14.25508628, 42.34688737 ], [ 14.25532554, 42.34675104 ], [ 14.25534059, 42.34674332 ], [ 14.25540197, 42.34678584 ], [ 14.2555027, 42.34685142 ], [ 14.25565067, 42.34677147 ], [ 14.25569119, 42.3468034 ], [ 14.25577612, 42.34687225 ], [ 14.25583404, 42.34694067 ], [ 14.2559691, 42.34703217 ], [ 14.25583108, 42.34722312 ], [ 14.25570219, 42.34709297 ], [ 14.25533269, 42.34754132 ], [ 14.2554213, 42.34760773 ], [ 14.2552338, 42.34783769 ], [ 14.25492666, 42.34771977 ], [ 14.25471816, 42.34762324 ], [ 14.25456566, 42.34756636 ], [ 14.25482903, 42.34722948 ], [ 14.25495636, 42.34706059 ], [ 14.25494895, 42.34701556 ], [ 14.255022, 42.34694766 ], [ 14.25505486, 42.34691627 ] ] ] } },
{ "type": "Feature", "properties": { "NATIONALCADASTRALREFERENCE": "F196_001500.163", "ADMINISTRATIVEUNIT": "F196", "codice_istat": "069050", "regione": "Abruzzo", "provincia": "CH", "comune": "Miglianico", "sezione": null, "foglio": "15", "allegato": null, "sviluppo": null, "particella": "163" }, "geometry": { "type": "Polygon", "coordinates": [ [ [ 14.25494461, 42.34569476 ], [ 14.25579988, 42.3447637 ], [ 14.25597955, 42.34487528 ], [ 14.25610539, 42.34478884 ], [ 14.25614572, 42.34482583 ], [ 14.25539672, 42.34558557 ], [ 14.25517507, 42.34581164 ], [ 14.25494461, 42.34569476 ] ] ] } },
{ "type": "Feature", "properties": { "NATIONALCADASTRALREFERENCE": "F196_001500.166", "ADMINISTRATIVEUNIT": "F196", "codice_istat": "069050", "regione": "Abruzzo", "provincia": "CH", "comune": "Miglianico", "sezione": null, "foglio": "15", "allegato": null, "sviluppo": null, "particella": "166" }, "geometry": { "type": "Polygon", "coordinates": [ [ [ 14.25592951, 42.34427875 ], [ 14.25650225, 42.34391415 ], [ 14.25665843, 42.34402613 ], [ 14.25609464, 42.34440942 ], [ 14.25592951, 42.34427875 ] ] ] } },
{ "type": "Feature", "properties": { "NATIONALCADASTRALREFERENCE": "F196_001500.167", "ADMINISTRATIVEUNIT": "F196", "codice_istat": "069050", "regione": "Abruzzo", "provincia": "CH", "comune": "Miglianico", "sezione": null, "foglio": "15", "allegato": null, "sviluppo": null, "particella": "167" }, "geometry": { "type": "Polygon", "coordinates": [ [ [ 14.2557107, 42.34442476 ], [ 14.25592951, 42.34427875 ], [ 14.25609464, 42.34440942 ], [ 14.25608282, 42.34441945 ], [ 14.2559689, 42.34433696 ], [ 14.25589106, 42.344395 ], [ 14.25600594, 42.34447835 ], [ 14.25588933, 42.34457084 ], [ 14.2558348, 42.34452235 ], [ 14.2557107, 42.34442476 ] ] ] } },
{ "type": "Feature", "properties": { "NATIONALCADASTRALREFERENCE": "F196_001500.168", "ADMINISTRATIVEUNIT": "F196", "codice_istat": "069050", "regione": "Abruzzo", "provincia": "CH", "comune": "Miglianico", "sezione": null, "foglio": "15", "allegato": null, "sviluppo": null, "particella": "168" }, "geometry": { "type": "Polygon", "coordinates": [ [ [ 14.25600594, 42.34447835 ], [ 14.25589106, 42.344395 ], [ 14.2559689, 42.34433696 ], [ 14.25608282, 42.34441945 ], [ 14.25600594, 42.34447835 ] ] ] } },
{ "type": "Feature", "properties": { "NATIONALCADASTRALREFERENCE": "F196_001500.169", "ADMINISTRATIVEUNIT": "F196", "codice_istat": "069050", "regione": "Abruzzo", "provincia": "CH", "comune": "Miglianico", "sezione": null, "foglio": "15", "allegato": null, "sviluppo": null, "particella": "169" }, "geometry": { "type": "Polygon", "coordinates": [ [ [ 14.25607435, 42.34467262 ], [ 14.25595958, 42.34459603 ], [ 14.25599814, 42.34456534 ], [ 14.25601467, 42.34457812 ], [ 14.25599616, 42.34459296 ], [ 14.25601256, 42.34460492 ], [ 14.2561656, 42.34449277 ], [ 14.25623992, 42.34454855 ], [ 14.25622985, 42.34455632 ], [ 14.2561563, 42.34461309 ], [ 14.25611406, 42.34464191 ], [ 14.25607435, 42.34467262 ] ] ] } },
{ "type": "Feature", "properties": { "NATIONALCADASTRALREFERENCE": "F196_001500.17", "ADMINISTRATIVEUNIT": "F196", "codice_istat": "069050", "regione": "Abruzzo", "provincia": "CH", "comune": "Miglianico", "sezione": null, "foglio": "15", "allegato": null, "sviluppo": null, "particella": "17" }, "geometry": { "type": "Polygon", "coordinates": [ [ [ 14.2552338, 42.34783769 ], [ 14.2554213, 42.34760773 ], [ 14.25533269, 42.34754132 ], [ 14.25570219, 42.34709297 ], [ 14.25583108, 42.34722312 ], [ 14.25589733, 42.34726828 ], [ 14.25539029, 42.34790609 ], [ 14.2552338, 42.34783769 ] ] ] } },
{ "type": "Feature", "properties": { "NATIONALCADASTRALREFERENCE": "F196_001500.170", "ADMINISTRATIVEUNIT": "F196", "codice_istat": "069050", "regione": "Abruzzo", "provincia": "CH", "comune": "Miglianico", "sezione": null, "foglio": "15", "allegato": null, "sviluppo": null, "particella": "170" }, "geometry": { "type": "Polygon", "coordinates": [ [ [ 14.25912376, 42.34340724 ], [ 14.25941994, 42.34328492 ], [ 14.25925052, 42.34339426 ], [ 14.25919803, 42.34357255 ], [ 14.25895674, 42.3436488 ], [ 14.2588823, 42.34369112 ], [ 14.25912376, 42.34340724 ] ] ] } },
{ "type": "Feature", "properties": { "NATIONALCADASTRALREFERENCE": "F196_001500.172", "ADMINISTRATIVEUNIT": "F196", "codice_istat": "069050", "regione": "Abruzzo", "provincia": "CH", "comune": "Miglianico", "sezione": null, "foglio": "15", "allegato": null, "sviluppo": null, "particella": "172" }, "geometry": { "type": "Polygon", "coordinates": [ [ [ 14.25915282, 42.3453059 ], [ 14.25908697, 42.34526293 ], [ 14.25912771, 42.34522295 ], [ 14.25919348, 42.34526627 ], [ 14.25915282, 42.3453059 ] ] ] } },
{ "type": "Feature", "properties": { "NATIONALCADASTRALREFERENCE": "F196_001500.173", "ADMINISTRATIVEUNIT": "F196", "codice_istat": "069050", "regione": "Abruzzo", "provincia": "CH", "comune": "Miglianico", "sezione": null, "foglio": "15", "allegato": null, "sviluppo": null, "particella": "173" }, "geometry": { "type": "Polygon", "coordinates": [ [ [ 14.25889001, 42.3463438 ], [ 14.25921721, 42.3462315 ], [ 14.25915234, 42.34704771 ], [ 14.25890939, 42.3471926 ], [ 14.258973, 42.34714208 ], [ 14.25899396, 42.34709113 ], [ 14.2589316, 42.34695626 ], [ 14.25886793, 42.34683872 ], [ 14.2590451, 42.34678803 ], [ 14.25886799, 42.34635175 ], [ 14.25889001, 42.3463438 ] ] ] } },
{ "type": "Feature", "properties": { "NATIONALCADASTRALREFERENCE": "F196_001500.174", "ADMINISTRATIVEUNIT": "F196", "codice_istat": "069050", "regione": "Abruzzo", "provincia": "CH", "comune": "Miglianico", "sezione": null, "foglio": "15", "allegato": null, "sviluppo": null, "particella": "174" }, "geometry": { "type": "Polygon", "coordinates": [ [ [ 14.25863973, 42.34642612 ], [ 14.25886799, 42.34635175 ], [ 14.2590451, 42.34678803 ], [ 14.25886793, 42.34683872 ], [ 14.2587219, 42.34657447 ], [ 14.25869255, 42.34651311 ], [ 14.25866261, 42.34646732 ], [ 14.25863973, 42.34642612 ] ] ] } },
{ "type": "Feature", "properties": { "NATIONALCADASTRALREFERENCE": "F196_001500.175", "ADMINISTRATIVEUNIT": "F196", "codice_istat": "069050", "regione": "Abruzzo", "provincia": "CH", "comune": "Miglianico", "sezione": null, "foglio": "15", "allegato": null, "sviluppo": null, "particella": "175" }, "geometry": { "type": "Polygon", "coordinates": [ [ [ 14.25924085, 42.34622113 ], [ 14.25963405, 42.34606508 ], [ 14.25996172, 42.34653445 ], [ 14.25957174, 42.34678315 ], [ 14.25924085, 42.34622113 ] ] ] } },
{ "type": "Feature", "properties": { "NATIONALCADASTRALREFERENCE": "F196_001500.176", "ADMINISTRATIVEUNIT": "F196", "codice_istat": "069050", "regione": "Abruzzo", "provincia": "CH", "comune": "Miglianico", "sezione": null, "foglio": "15", "allegato": null, "sviluppo": null, "particella": "176" }, "geometry": { "type": "Polygon", "coordinates": [ [ [ 14.25927752, 42.34519714 ], [ 14.25960107, 42.34502772 ], [ 14.25990545, 42.34487217 ], [ 14.25998656, 42.34482746 ], [ 14.26003501, 42.34477018 ], [ 14.26005344, 42.34474119 ], [ 14.26038952, 42.34489296 ], [ 14.26060483, 42.34479145 ], [ 14.26049361, 42.34486889 ], [ 14.26046599, 42.34492472 ], [ 14.25990233, 42.34543729 ], [ 14.25974338, 42.34531482 ], [ 14.25961459, 42.34541085 ], [ 14.25976031, 42.34552912 ], [ 14.2596093, 42.34563388 ], [ 14.2599857, 42.34593221 ], [ 14.25963405, 42.34606508 ], [ 14.25924085, 42.34622113 ], [ 14.25919842, 42.34612392 ], [ 14.2591647, 42.34606286 ], [ 14.25912263, 42.3459863 ], [ 14.25903346, 42.34581295 ], [ 14.25880135, 42.3456133 ], [ 14.25892677, 42.34550068 ], [ 14.25903553, 42.34541194 ], [ 14.25915282, 42.3453059 ], [ 14.25919348, 42.34526627 ], [ 14.25927752, 42.34519714 ] ] ] } },
{ "type": "Feature", "properties": { "NATIONALCADASTRALREFERENCE": "F196_001500.178", "ADMINISTRATIVEUNIT": "F196", "codice_istat": "069050", "regione": "Abruzzo", "provincia": "CH", "comune": "Miglianico", "sezione": null, "foglio": "15", "allegato": null, "sviluppo": null, "particella": "178" }, "geometry": { "type": "Polygon", "coordinates": [ [ [ 14.26046599, 42.34492472 ], [ 14.26049361, 42.34486889 ], [ 14.26060483, 42.34479145 ], [ 14.26108322, 42.34457239 ], [ 14.26126352, 42.34473093 ], [ 14.26124788, 42.34474324 ], [ 14.26129737, 42.34478839 ], [ 14.2613159, 42.34478063 ], [ 14.26168941, 42.3451113 ], [ 14.26118624, 42.34532256 ], [ 14.26097082, 42.34538522 ], [ 14.26085474, 42.34548206 ], [ 14.26092248, 42.34563223 ], [ 14.26111527, 42.34543034 ], [ 14.26175015, 42.34516256 ], [ 14.26218718, 42.34553866 ], [ 14.2613493, 42.34612248 ], [ 14.26083742, 42.34571648 ], [ 14.25996172, 42.34653445 ], [ 14.25963405, 42.34606508 ], [ 14.2599857, 42.34593221 ], [ 14.26019319, 42.3457392 ], [ 14.26025728, 42.34565519 ], [ 14.26033425, 42.34531068 ], [ 14.26040698, 42.34505993 ], [ 14.26046599, 42.34492472 ] ] ] } },
{ "type": "Feature", "properties": { "NATIONALCADASTRALREFERENCE": "F196_001500.18", "ADMINISTRATIVEUNIT": "F196", "codice_istat": "069050", "regione": "Abruzzo", "provincia": "CH", "comune": "Miglianico", "sezione": null, "foglio": "15", "allegato": null, "sviluppo": null, "particella": "18" }, "geometry": { "type": "Polygon", "coordinates": [ [ [ 14.2559691, 42.34703217 ], [ 14.25633451, 42.3465683 ], [ 14.25652811, 42.34632261 ], [ 14.25675868, 42.34648909 ], [ 14.2561229, 42.34725634 ], [ 14.25553147, 42.3479716 ], [ 14.25539029, 42.34790609 ], [ 14.25589733, 42.34726828 ], [ 14.25583108, 42.34722312 ], [ 14.2559691, 42.34703217 ] ] ] } },
{ "type": "Feature", "properties": { "NATIONALCADASTRALREFERENCE": "F196_001500.181", "ADMINISTRATIVEUNIT": "F196", "codice_istat": "069050", "regione": "Abruzzo", "provincia": "CH", "comune": "Miglianico", "sezione": null, "foglio": "15", "allegato": null, "sviluppo": null, "particella": "181" }, "geometry": { "type": "Polygon", "coordinates": [ [ [ 14.2538362, 42.34690746 ], [ 14.25410596, 42.34640327 ], [ 14.25421364, 42.34646525 ], [ 14.25422143, 42.34646973 ], [ 14.25428486, 42.34650848 ], [ 14.25405383, 42.34696682 ], [ 14.2538362, 42.34690746 ] ] ] } },
{ "type": "Feature", "properties": { "NATIONALCADASTRALREFERENCE": "F196_001500.182", "ADMINISTRATIVEUNIT": "F196", "codice_istat": "069050", "regione": "Abruzzo", "provincia": "CH", "comune": "Miglianico", "sezione": null, "foglio": "15", "allegato": null, "sviluppo": null, "particella": "182" }, "geometry": { "type": "Polygon", "coordinates": [ [ [ 14.25444207, 42.34675775 ], [ 14.25469005, 42.34688434 ], [ 14.25457074, 42.34711696 ], [ 14.25434031, 42.34703131 ], [ 14.25430275, 42.34701727 ], [ 14.25444207, 42.34675775 ] ] ] } },
{ "type": "Feature", "properties": { "NATIONALCADASTRALREFERENCE": "F196_001500.183", "ADMINISTRATIVEUNIT": "F196", "codice_istat": "069050", "regione": "Abruzzo", "provincia": "CH", "comune": "Miglianico", "sezione": null, "foglio": "15", "allegato": null, "sviluppo": null, "particella": "183" }, "geometry": { "type": "Polygon", "coordinates": [ [ [ 14.25469005, 42.34688434 ], [ 14.25494895, 42.34701556 ], [ 14.25495636, 42.34706059 ], [ 14.25482903, 42.34722948 ], [ 14.25457074, 42.34711696 ], [ 14.25469005, 42.34688434 ] ] ] } },
{ "type": "Feature", "properties": { "NATIONALCADASTRALREFERENCE": "F196_001500.184", "ADMINISTRATIVEUNIT": "F196", "codice_istat": "069050", "regione": "Abruzzo", "provincia": "CH", "comune": "Miglianico", "sezione": null, "foglio": "15", "allegato": null, "sviluppo": null, "particella": "184" }, "geometry": { "type": "Polygon", "coordinates": [ [ [ 14.2547436, 42.34677919 ], [ 14.255022, 42.34694766 ], [ 14.25494895, 42.34701556 ], [ 14.25469005, 42.34688434 ], [ 14.2547436, 42.34677919 ] ] ] } },
{ "type": "Feature", "properties": { "NATIONALCADASTRALREFERENCE": "F196_001500.188", "ADMINISTRATIVEUNIT": "F196", "codice_istat": "069050", "regione": "Abruzzo", "provincia": "CH", "comune": "Miglianico", "sezione": null, "foglio": "15", "allegato": null, "sviluppo": null, "particella": "188" }, "geometry": { "type": "Polygon", "coordinates": [ [ [ 14.25524858, 42.3465491 ], [ 14.25590668, 42.34585898 ], [ 14.25604121, 42.34593668 ], [ 14.25586465, 42.34615381 ], [ 14.25571485, 42.34635285 ], [ 14.25550216, 42.34659256 ], [ 14.25544136, 42.34660501 ], [ 14.25540255, 42.34658806 ], [ 14.25531571, 42.34657708 ], [ 14.25524858, 42.3465491 ] ] ] } },
{ "type": "Feature", "properties": { "NATIONALCADASTRALREFERENCE": "F196_001500.189", "ADMINISTRATIVEUNIT": "F196", "codice_istat": "069050", "regione": "Abruzzo", "provincia": "CH", "comune": "Miglianico", "sezione": null, "foglio": "15", "allegato": null, "sviluppo": null, "particella": "189" }, "geometry": { "type": "Polygon", "coordinates": [ [ [ 14.25514813, 42.34527002 ], [ 14.2558348, 42.34452235 ], [ 14.25588933, 42.34457084 ], [ 14.25593837, 42.34460901 ], [ 14.25579988, 42.3447637 ], [ 14.25494461, 42.34569476 ], [ 14.25453012, 42.3461277 ], [ 14.25441922, 42.34606697 ], [ 14.25514813, 42.34527002 ] ] ] } },
{ "type": "Feature", "properties": { "NATIONALCADASTRALREFERENCE": "F196_001500.19", "ADMINISTRATIVEUNIT": "F196", "codice_istat": "069050", "regione": "Abruzzo", "provincia": "CH", "comune": "Miglianico", "sezione": null, "foglio": "15", "allegato": null, "sviluppo": null, "particella": "19" }, "geometry": { "type": "Polygon", "coordinates": [ [ [ 14.25553147, 42.3479716 ], [ 14.2561229, 42.34725634 ], [ 14.25626966, 42.34752868 ], [ 14.25621577, 42.34759439 ], [ 14.25599287, 42.34786534 ], [ 14.25576581, 42.34811733 ], [ 14.25553147, 42.3479716 ] ] ] } },
{ "type": "Feature", "properties": { "NATIONALCADASTRALREFERENCE": "F196_001500.190", "ADMINISTRATIVEUNIT": "F196", "codice_istat": "069050", "regione": "Abruzzo", "provincia": "CH", "comune": "Miglianico", "sezione": null, "foglio": "15", "allegato": null, "sviluppo": null, "particella": "190" }, "geometry": { "type": "Polygon", "coordinates": [ [ [ 14.25619701, 42.34445055 ], [ 14.25674131, 42.34408734 ], [ 14.25683126, 42.34414721 ], [ 14.25630499, 42.34449403 ], [ 14.25619701, 42.34445055 ] ] ] } },
{ "type": "Feature", "properties": { "NATIONALCADASTRALREFERENCE": "F196_001500.191", "ADMINISTRATIVEUNIT": "F196", "codice_istat": "069050", "regione": "Abruzzo", "provincia": "CH", "comune": "Miglianico", "sezione": null, "foglio": "15", "allegato": null, "sviluppo": null, "particella": "191" }, "geometry": { "type": "Polygon", "coordinates": [ [ [ 14.25610184, 42.34170545 ], [ 14.25633777, 42.34169082 ], [ 14.25638537, 42.34168739 ], [ 14.25641896, 42.34168463 ], [ 14.25652682, 42.34167819 ], [ 14.25638816, 42.34269782 ], [ 14.25625081, 42.34281175 ], [ 14.25610184, 42.34170545 ] ] ] } },
{ "type": "Feature", "properties": { "NATIONALCADASTRALREFERENCE": "F196_001500.198", "ADMINISTRATIVEUNIT": "F196", "codice_istat": "069050", "regione": "Abruzzo", "provincia": "CH", "comune": "Miglianico", "sezione": null, "foglio": "15", "allegato": null, "sviluppo": null, "particella": "198" }, "geometry": { "type": "Polygon", "coordinates": [ [ [ 14.25436054, 42.34655395 ], [ 14.25449974, 42.34663699 ], [ 14.25444207, 42.34675775 ], [ 14.25433356, 42.34671797 ], [ 14.25429202, 42.3466826 ], [ 14.25436054, 42.34655395 ] ] ] } },
{ "type": "Feature", "properties": { "NATIONALCADASTRALREFERENCE": "F196_001500.199", "ADMINISTRATIVEUNIT": "F196", "codice_istat": "069050", "regione": "Abruzzo", "provincia": "CH", "comune": "Miglianico", "sezione": null, "foglio": "15", "allegato": null, "sviluppo": null, "particella": "199" }, "geometry": { "type": "Polygon", "coordinates": [ [ [ 14.25727805, 42.34204676 ], [ 14.25742813, 42.34220001 ], [ 14.25737966, 42.34222524 ], [ 14.2571971, 42.3420515 ], [ 14.25725, 42.34201966 ], [ 14.25727805, 42.34204676 ] ] ] } },
{ "type": "Feature", "properties": { "NATIONALCADASTRALREFERENCE": "F196_001500.2", "ADMINISTRATIVEUNIT": "F196", "codice_istat": "069050", "regione": "Abruzzo", "provincia": "CH", "comune": "Miglianico", "sezione": null, "foglio": "15", "allegato": null, "sviluppo": null, "particella": "2" }, "geometry": { "type": "Polygon", "coordinates": [ [ [ 14.261834, 42.34649571 ], [ 14.26264637, 42.34593852 ], [ 14.26333689, 42.3465417 ], [ 14.26403301, 42.3475688 ], [ 14.26267166, 42.34699655 ], [ 14.26190524, 42.34731437 ], [ 14.26072089, 42.34779431 ], [ 14.26038851, 42.34749626 ], [ 14.261834, 42.34649571 ] ] ] } },
{ "type": "Feature", "properties": { "NATIONALCADASTRALREFERENCE": "F196_001500.20", "ADMINISTRATIVEUNIT": "F196", "codice_istat": "069050", "regione": "Abruzzo", "provincia": "CH", "comune": "Miglianico", "sezione": null, "foglio": "15", "allegato": null, "sviluppo": null, "particella": "20" }, "geometry": { "type": "Polygon", "coordinates": [ [ [ 14.2561229, 42.34725634 ], [ 14.25675868, 42.34648909 ], [ 14.25686188, 42.34656513 ], [ 14.25675794, 42.3467111 ], [ 14.25670556, 42.34680988 ], [ 14.2566339, 42.34694279 ], [ 14.25658367, 42.34706516 ], [ 14.25638101, 42.34736836 ], [ 14.25626966, 42.34752868 ], [ 14.2561229, 42.34725634 ] ] ] } },
{ "type": "Feature", "properties": { "NATIONALCADASTRALREFERENCE": "F196_001500.200", "ADMINISTRATIVEUNIT": "F196", "codice_istat": "069050", "regione": "Abruzzo", "provincia": "CH", "comune": "Miglianico", "sezione": null, "foglio": "15", "allegato": null, "sviluppo": null, "particella": "200" }, "geometry": { "type": "Polygon", "coordinates": [ [ [ 14.2573427, 42.34196834 ], [ 14.25755611, 42.34186022 ], [ 14.25758023, 42.34188442 ], [ 14.25727805, 42.34204676 ], [ 14.25725, 42.34201966 ], [ 14.2573427, 42.34196834 ] ] ] } },
{ "type": "Feature", "properties": { "NATIONALCADASTRALREFERENCE": "F196_001500.203", "ADMINISTRATIVEUNIT": "F196", "codice_istat": "069050", "regione": "Abruzzo", "provincia": "CH", "comune": "Miglianico", "sezione": null, "foglio": "15", "allegato": null, "sviluppo": null, "particella": "203" }, "geometry": { "type": "Polygon", "coordinates": [ [ [ 14.25475351, 42.34624994 ], [ 14.25489098, 42.34610461 ], [ 14.2550275, 42.34618262 ], [ 14.2548849, 42.34632163 ], [ 14.25475351, 42.34624994 ] ] ] } },
{ "type": "Feature", "properties": { "NATIONALCADASTRALREFERENCE": "F196_001500.204", "ADMINISTRATIVEUNIT": "F196", "codice_istat": "069050", "regione": "Abruzzo", "provincia": "CH", "comune": "Miglianico", "sezione": null, "foglio": "15", "allegato": null, "sviluppo": null, "particella": "204" }, "geometry": { "type": "Polygon", "coordinates": [ [ [ 14.25517507, 42.34581164 ], [ 14.25539672, 42.34558557 ], [ 14.25554707, 42.34565995 ], [ 14.2550275, 42.34618262 ], [ 14.25489098, 42.34610461 ], [ 14.25517507, 42.34581164 ] ] ] } },
{ "type": "Feature", "properties": { "NATIONALCADASTRALREFERENCE": "F196_001500.205", "ADMINISTRATIVEUNIT": "F196", "codice_istat": "069050", "regione": "Abruzzo", "provincia": "CH", "comune": "Miglianico", "sezione": null, "foglio": "15", "allegato": null, "sviluppo": null, "particella": "205" }, "geometry": { "type": "Polygon", "coordinates": [ [ [ 14.25569647, 42.3457414 ], [ 14.25620634, 42.34522808 ], [ 14.25601367, 42.34544867 ], [ 14.25575297, 42.34577493 ], [ 14.25569647, 42.3457414 ] ] ] } },
{ "type": "Feature", "properties": { "NATIONALCADASTRALREFERENCE": "F196_001500.206", "ADMINISTRATIVEUNIT": "F196", "codice_istat": "069050", "regione": "Abruzzo", "provincia": "CH", "comune": "Miglianico", "sezione": null, "foglio": "15", "allegato": null, "sviluppo": null, "particella": "206" }, "geometry": { "type": "Polygon", "coordinates": [ [ [ 14.25620634, 42.34522808 ], [ 14.25634445, 42.3450564 ], [ 14.25640723, 42.34500411 ], [ 14.2564233, 42.3450146 ], [ 14.25620634, 42.34522808 ] ] ] } },
{ "type": "Feature", "properties": { "NATIONALCADASTRALREFERENCE": "F196_001500.207", "ADMINISTRATIVEUNIT": "F196", "codice_istat": "069050", "regione": "Abruzzo", "provincia": "CH", "comune": "Miglianico", "sezione": null, "foglio": "15", "allegato": null, "sviluppo": null, "particella": "207" }, "geometry": { "type": "Polygon", "coordinates": [ [ [ 14.25693676, 42.34505378 ], [ 14.25718438, 42.34516589 ], [ 14.25719619, 42.34522487 ], [ 14.25705103, 42.34534678 ], [ 14.25676802, 42.34519329 ], [ 14.25693676, 42.34505378 ] ] ] } },
{ "type": "Feature", "properties": { "NATIONALCADASTRALREFERENCE": "F196_001500.208", "ADMINISTRATIVEUNIT": "F196", "codice_istat": "069050", "regione": "Abruzzo", "provincia": "CH", "comune": "Miglianico", "sezione": null, "foglio": "15", "allegato": null, "sviluppo": null, "particella": "208" }, "geometry": { "type": "Polygon", "coordinates": [ [ [ 14.25705103, 42.34534678 ], [ 14.25719619, 42.34522487 ], [ 14.25725499, 42.3454595 ], [ 14.25705103, 42.34534678 ] ] ] } },
{ "type": "Feature", "properties": { "NATIONALCADASTRALREFERENCE": "F196_001500.209", "ADMINISTRATIVEUNIT": "F196", "codice_istat": "069050", "regione": "Abruzzo", "provincia": "CH", "comune": "Miglianico", "sezione": null, "foglio": "15", "allegato": null, "sviluppo": null, "particella": "209" }, "geometry": { "type": "Polygon", "coordinates": [ [ [ 14.25725499, 42.3454595 ], [ 14.25762255, 42.34566679 ], [ 14.25739729, 42.34594118 ], [ 14.25737793, 42.34595841 ], [ 14.25725499, 42.3454595 ] ] ] } },
{ "type": "Feature", "properties": { "NATIONALCADASTRALREFERENCE": "F196_001500.21", "ADMINISTRATIVEUNIT": "F196", "codice_istat": "069050", "regione": "Abruzzo", "provincia": "CH", "comune": "Miglianico", "sezione": null, "foglio": "15", "allegato": null, "sviluppo": null, "particella": "21" }, "geometry": { "type": "Polygon", "coordinates": [ [ [ 14.25621577, 42.34759439 ], [ 14.25728947, 42.34846519 ], [ 14.25699331, 42.34876505 ], [ 14.25671264, 42.34903449 ], [ 14.25667389, 42.34899666 ], [ 14.25697825, 42.34865571 ], [ 14.25662075, 42.34833558 ], [ 14.25632019, 42.34851643 ], [ 14.25626414, 42.34845504 ], [ 14.25591136, 42.34822613 ], [ 14.25576581, 42.34811733 ], [ 14.25599287, 42.34786534 ], [ 14.25621577, 42.34759439 ] ] ] } },
{ "type": "Feature", "properties": { "NATIONALCADASTRALREFERENCE": "F196_001500.210", "ADMINISTRATIVEUNIT": "F196", "codice_istat": "069050", "regione": "Abruzzo", "provincia": "CH", "comune": "Miglianico", "sezione": null, "foglio": "15", "allegato": null, "sviluppo": null, "particella": "210" }, "geometry": { "type": "Polygon", "coordinates": [ [ [ 14.25797703, 42.34770456 ], [ 14.25812237, 42.34781589 ], [ 14.2580098, 42.34792954 ], [ 14.25786641, 42.34781403 ], [ 14.25797703, 42.34770456 ] ] ] } },
{ "type": "Feature", "properties": { "NATIONALCADASTRALREFERENCE": "F196_001500.211", "ADMINISTRATIVEUNIT": "F196", "codice_istat": "069050", "regione": "Abruzzo", "provincia": "CH", "comune": "Miglianico", "sezione": null, "foglio": "15", "allegato": null, "sviluppo": null, "particella": "211" }, "geometry": { "type": "Polygon", "coordinates": [ [ [ 14.25781449, 42.34658122 ], [ 14.25824498, 42.3462984 ], [ 14.25836127, 42.3464764 ], [ 14.2583844, 42.34651046 ], [ 14.25792759, 42.34665654 ], [ 14.25781449, 42.34658122 ] ] ] } },
{ "type": "Feature", "properties": { "NATIONALCADASTRALREFERENCE": "F196_001500.212", "ADMINISTRATIVEUNIT": "F196", "codice_istat": "069050", "regione": "Abruzzo", "provincia": "CH", "comune": "Miglianico", "sezione": null, "foglio": "15", "allegato": null, "sviluppo": null, "particella": "212" }, "geometry": { "type": "Polygon", "coordinates": [ [ [ 14.25966072, 42.34422302 ], [ 14.25985209, 42.34409493 ], [ 14.25994727, 42.34425477 ], [ 14.25979582, 42.34435017 ], [ 14.26005344, 42.34474119 ], [ 14.26003501, 42.34477018 ], [ 14.25966072, 42.34422302 ] ] ] } },
{ "type": "Feature", "properties": { "NATIONALCADASTRALREFERENCE": "F196_001500.213", "ADMINISTRATIVEUNIT": "F196", "codice_istat": "069050", "regione": "Abruzzo", "provincia": "CH", "comune": "Miglianico", "sezione": null, "foglio": "15", "allegato": null, "sviluppo": null, "particella": "213" }, "geometry": { "type": "Polygon", "coordinates": [ [ [ 14.25714993, 42.34707911 ], [ 14.25797703, 42.34770456 ], [ 14.25786641, 42.34781403 ], [ 14.25705012, 42.34719774 ], [ 14.25714993, 42.34707911 ] ] ] } },
{ "type": "Feature", "properties": { "NATIONALCADASTRALREFERENCE": "F196_001500.217", "ADMINISTRATIVEUNIT": "F196", "codice_istat": "069050", "regione": "Abruzzo", "provincia": "CH", "comune": "Miglianico", "sezione": null, "foglio": "15", "allegato": null, "sviluppo": null, "particella": "217" }, "geometry": { "type": "Polygon", "coordinates": [ [ [ 14.25859377, 42.34405064 ], [ 14.25869996, 42.34407542 ], [ 14.25879812, 42.34407348 ], [ 14.25897062, 42.34404665 ], [ 14.25902342, 42.34403844 ], [ 14.25912732, 42.34407795 ], [ 14.25930675, 42.34428393 ], [ 14.25942676, 42.34437974 ], [ 14.25895964, 42.34468305 ], [ 14.2588598, 42.3447712 ], [ 14.25876573, 42.34483061 ], [ 14.25851982, 42.34464253 ], [ 14.25874759, 42.34450373 ], [ 14.25856952, 42.3443131 ], [ 14.25846753, 42.34420214 ], [ 14.25851037, 42.34415171 ], [ 14.25859377, 42.34405064 ] ] ] } },
{ "type": "Feature", "properties": { "NATIONALCADASTRALREFERENCE": "F196_001500.218", "ADMINISTRATIVEUNIT": "F196", "codice_istat": "069050", "regione": "Abruzzo", "provincia": "CH", "comune": "Miglianico", "sezione": null, "foglio": "15", "allegato": null, "sviluppo": null, "particella": "218" }, "geometry": { "type": "Polygon", "coordinates": [ [ [ 14.25798548, 42.34499327 ], [ 14.25811098, 42.34489575 ], [ 14.25811352, 42.3448938 ], [ 14.2581583, 42.3448663 ], [ 14.25817682, 42.34484894 ], [ 14.25824621, 42.3448964 ], [ 14.25811275, 42.34496255 ], [ 14.25802202, 42.34502924 ], [ 14.25798548, 42.34499327 ] ] ] } },
{ "type": "Feature", "properties": { "NATIONALCADASTRALREFERENCE": "F196_001500.22", "ADMINISTRATIVEUNIT": "F196", "codice_istat": "069050", "regione": "Abruzzo", "provincia": "CH", "comune": "Miglianico", "sezione": null, "foglio": "15", "allegato": null, "sviluppo": null, "particella": "22" }, "geometry": { "type": "Polygon", "coordinates": [ [ [ 14.25694868, 42.34731985 ], [ 14.25757656, 42.34780835 ], [ 14.25732834, 42.347995 ], [ 14.25717729, 42.34785762 ], [ 14.25704471, 42.34775708 ], [ 14.25674384, 42.3475726 ], [ 14.25694868, 42.34731985 ] ] ] } },
{ "type": "Feature", "properties": { "NATIONALCADASTRALREFERENCE": "F196_001500.220", "ADMINISTRATIVEUNIT": "F196", "codice_istat": "069050", "regione": "Abruzzo", "provincia": "CH", "comune": "Miglianico", "sezione": null, "foglio": "15", "allegato": null, "sviluppo": null, "particella": "220" }, "geometry": { "type": "Polygon", "coordinates": [ [ [ 14.25434031, 42.34703131 ], [ 14.25457074, 42.34711696 ], [ 14.25482903, 42.34722948 ], [ 14.25456566, 42.34756636 ], [ 14.25431108, 42.34746951 ], [ 14.25411168, 42.3474476 ], [ 14.25427625, 42.3471463 ], [ 14.25434031, 42.34703131 ] ] ] } },
{ "type": "Feature", "properties": { "NATIONALCADASTRALREFERENCE": "F196_001500.228", "ADMINISTRATIVEUNIT": "F196", "codice_istat": "069050", "regione": "Abruzzo", "provincia": "CH", "comune": "Miglianico", "sezione": null, "foglio": "15", "allegato": null, "sviluppo": null, "particella": "228" }, "geometry": { "type": "Polygon", "coordinates": [ [ [ 14.2550244, 42.34520416 ], [ 14.2557107, 42.34442476 ], [ 14.2558348, 42.34452235 ], [ 14.25514813, 42.34527002 ], [ 14.2550244, 42.34520416 ] ] ] } },
{ "type": "Feature", "properties": { "NATIONALCADASTRALREFERENCE": "F196_001500.229", "ADMINISTRATIVEUNIT": "F196", "codice_istat": "069050", "regione": "Abruzzo", "provincia": "CH", "comune": "Miglianico", "sezione": null, "foglio": "15", "allegato": null, "sviluppo": null, "particella": "229" }, "geometry": { "type": "Polygon", "coordinates": [ [ [ 14.25720315, 42.34700895 ], [ 14.258173, 42.34776436 ], [ 14.25812237, 42.34781589 ], [ 14.25797703, 42.34770456 ], [ 14.25714993, 42.34707911 ], [ 14.25720315, 42.34700895 ] ] ] } },
{ "type": "Feature", "properties": { "NATIONALCADASTRALREFERENCE": "F196_001500.23", "ADMINISTRATIVEUNIT": "F196", "codice_istat": "069050", "regione": "Abruzzo", "provincia": "CH", "comune": "Miglianico", "sezione": null, "foglio": "15", "allegato": null, "sviluppo": null, "particella": "23" }, "geometry": { "type": "Polygon", "coordinates": [ [ [ 14.25552243, 42.34660373 ], [ 14.25572613, 42.34637425 ], [ 14.25579384, 42.34628776 ], [ 14.2560964, 42.34644667 ], [ 14.25569119, 42.3468034 ], [ 14.25565067, 42.34677147 ], [ 14.25554094, 42.34665226 ], [ 14.25556411, 42.34662821 ], [ 14.25552243, 42.34660373 ] ] ] } },
{ "type": "Feature", "properties": { "NATIONALCADASTRALREFERENCE": "F196_001500.231", "ADMINISTRATIVEUNIT": "F196", "codice_istat": "069050", "regione": "Abruzzo", "provincia": "CH", "comune": "Miglianico", "sezione": null, "foglio": "15", "allegato": null, "sviluppo": null, "particella": "231" }, "geometry": { "type": "Polygon", "coordinates": [ [ [ 14.25794323, 42.34607848 ], [ 14.25811173, 42.34587041 ], [ 14.25820907, 42.34592042 ], [ 14.25825245, 42.34594789 ], [ 14.25807755, 42.34609582 ], [ 14.2582295, 42.34617912 ], [ 14.25780538, 42.34627835 ], [ 14.25796727, 42.34608611 ], [ 14.25794323, 42.34607848 ] ] ] } },
{ "type": "Feature", "properties": { "NATIONALCADASTRALREFERENCE": "F196_001500.233", "ADMINISTRATIVEUNIT": "F196", "codice_istat": "069050", "regione": "Abruzzo", "provincia": "CH", "comune": "Miglianico", "sezione": null, "foglio": "15", "allegato": null, "sviluppo": null, "particella": "233" }, "geometry": { "type": "Polygon", "coordinates": [ [ [ 14.2582295, 42.34617912 ], [ 14.25828434, 42.34612988 ], [ 14.2583173, 42.34616 ], [ 14.2582295, 42.34617912 ] ] ] } },
{ "type": "Feature", "properties": { "NATIONALCADASTRALREFERENCE": "F196_001500.234", "ADMINISTRATIVEUNIT": "F196", "codice_istat": "069050", "regione": "Abruzzo", "provincia": "CH", "comune": "Miglianico", "sezione": null, "foglio": "15", "allegato": null, "sviluppo": null, "particella": "234" }, "geometry": { "type": "Polygon", "coordinates": [ [ [ 14.25832808, 42.34608955 ], [ 14.25835058, 42.34610325 ], [ 14.25837639, 42.34611976 ], [ 14.25834047, 42.34615021 ], [ 14.2583173, 42.34616 ], [ 14.25828434, 42.34612988 ], [ 14.25832808, 42.34608955 ] ] ] } },
{ "type": "Feature", "properties": { "NATIONALCADASTRALREFERENCE": "F196_001500.235", "ADMINISTRATIVEUNIT": "F196", "codice_istat": "069050", "regione": "Abruzzo", "provincia": "CH", "comune": "Miglianico", "sezione": null, "foglio": "15", "allegato": null, "sviluppo": null, "particella": "235" }, "geometry": { "type": "Polygon", "coordinates": [ [ [ 14.25832808, 42.34608955 ], [ 14.2583909, 42.34602281 ], [ 14.25841386, 42.34603712 ], [ 14.2584465, 42.34605704 ], [ 14.25848045, 42.34607819 ], [ 14.25841202, 42.34614237 ], [ 14.25837639, 42.34611976 ], [ 14.25835058, 42.34610325 ], [ 14.25832808, 42.34608955 ] ] ] } },
{ "type": "Feature", "properties": { "NATIONALCADASTRALREFERENCE": "F196_001500.24", "ADMINISTRATIVEUNIT": "F196", "codice_istat": "069050", "regione": "Abruzzo", "provincia": "CH", "comune": "Miglianico", "sezione": null, "foglio": "15", "allegato": null, "sviluppo": null, "particella": "24" }, "geometry": { "type": "Polygon", "coordinates": [ [ [ 14.25569119, 42.3468034 ], [ 14.2560964, 42.34644667 ], [ 14.25633451, 42.3465683 ], [ 14.2559691, 42.34703217 ], [ 14.25583404, 42.34694067 ], [ 14.25577612, 42.34687225 ], [ 14.25569119, 42.3468034 ] ] ] } },
{ "type": "Feature", "properties": { "NATIONALCADASTRALREFERENCE": "F196_001500.241", "ADMINISTRATIVEUNIT": "F196", "codice_istat": "069050", "regione": "Abruzzo", "provincia": "CH", "comune": "Miglianico", "sezione": null, "foglio": "15", "allegato": null, "sviluppo": null, "particella": "241" }, "geometry": { "type": "Polygon", "coordinates": [ [ [ 14.25787356, 42.34428664 ], [ 14.25822892, 42.34409835 ], [ 14.2583918, 42.34424523 ], [ 14.25822275, 42.34450394 ], [ 14.25787356, 42.34428664 ] ] ] } },
{ "type": "Feature", "properties": { "NATIONALCADASTRALREFERENCE": "F196_001500.245", "ADMINISTRATIVEUNIT": "F196", "codice_istat": "069050", "regione": "Abruzzo", "provincia": "CH", "comune": "Miglianico", "sezione": null, "foglio": "15", "allegato": null, "sviluppo": null, "particella": "245" }, "geometry": { "type": "Polygon", "coordinates": [ [ [ 14.2582857, 42.34446939 ], [ 14.25821684, 42.3445601 ], [ 14.25812614, 42.34462323 ], [ 14.25812578, 42.3446231 ], [ 14.25811401, 42.34461538 ], [ 14.25773632, 42.34435889 ], [ 14.25787356, 42.34428664 ], [ 14.25822275, 42.34450394 ], [ 14.2583918, 42.34424523 ], [ 14.2584156, 42.34426317 ], [ 14.25846753, 42.34420214 ], [ 14.25856952, 42.3443131 ], [ 14.25831006, 42.3444874 ], [ 14.2582857, 42.34446939 ] ] ] } },
{ "type": "Feature", "properties": { "NATIONALCADASTRALREFERENCE": "F196_001500.246", "ADMINISTRATIVEUNIT": "F196", "codice_istat": "069050", "regione": "Abruzzo", "provincia": "CH", "comune": "Miglianico", "sezione": null, "foglio": "15", "allegato": null, "sviluppo": null, "particella": "246" }, "geometry": { "type": "Polygon", "coordinates": [ [ [ 14.25851982, 42.34464253 ], [ 14.25831006, 42.3444874 ], [ 14.25856952, 42.3443131 ], [ 14.25874759, 42.34450373 ], [ 14.25851982, 42.34464253 ] ] ] } },
{ "type": "Feature", "properties": { "NATIONALCADASTRALREFERENCE": "F196_001500.247", "ADMINISTRATIVEUNIT": "F196", "codice_istat": "069050", "regione": "Abruzzo", "provincia": "CH", "comune": "Miglianico", "sezione": null, "foglio": "15", "allegato": null, "sviluppo": null, "particella": "247" }, "geometry": { "type": "Polygon", "coordinates": [ [ [ 14.25821684, 42.3445601 ], [ 14.25819689, 42.34458639 ], [ 14.25824639, 42.34471551 ], [ 14.25825317, 42.34480929 ], [ 14.25817682, 42.34484894 ], [ 14.2581583, 42.3448663 ], [ 14.25797887, 42.34473344 ], [ 14.25797483, 42.34473048 ], [ 14.25795926, 42.34471905 ], [ 14.25812614, 42.34462323 ], [ 14.25821684, 42.3445601 ] ] ] } },
{ "type": "Feature", "properties": { "NATIONALCADASTRALREFERENCE": "F196_001500.25", "ADMINISTRATIVEUNIT": "F196", "codice_istat": "069050", "regione": "Abruzzo", "provincia": "CH", "comune": "Miglianico", "sezione": null, "foglio": "15", "allegato": null, "sviluppo": null, "particella": "25" }, "geometry": { "type": "Polygon", "coordinates": [ [ [ 14.25610339, 42.34589491 ], [ 14.25646519, 42.34615019 ], [ 14.25659188, 42.34622587 ], [ 14.25652811, 42.34632261 ], [ 14.25633451, 42.3465683 ], [ 14.2560964, 42.34644667 ], [ 14.25579384, 42.34628776 ], [ 14.25610339, 42.34589491 ] ] ] } },
{ "type": "Feature", "properties": { "NATIONALCADASTRALREFERENCE": "F196_001500.251", "ADMINISTRATIVEUNIT": "F196", "codice_istat": "069050", "regione": "Abruzzo", "provincia": "CH", "comune": "Miglianico", "sezione": null, "foglio": "15", "allegato": null, "sviluppo": null, "particella": "251" }, "geometry": { "type": "Polygon", "coordinates": [ [ [ 14.25797483, 42.34473048 ], [ 14.25796273, 42.34474731 ], [ 14.25794507, 42.3447272 ], [ 14.25795926, 42.34471905 ], [ 14.25797483, 42.34473048 ] ] ] } },
{ "type": "Feature", "properties": { "NATIONALCADASTRALREFERENCE": "F196_001500.253", "ADMINISTRATIVEUNIT": "F196", "codice_istat": "069050", "regione": "Abruzzo", "provincia": "CH", "comune": "Miglianico", "sezione": null, "foglio": "15", "allegato": null, "sviluppo": null, "particella": "253" }, "geometry": { "type": "Polygon", "coordinates": [ [ [ 14.25831006, 42.3444874 ], [ 14.25851982, 42.34464253 ], [ 14.25825317, 42.34480929 ], [ 14.25824639, 42.34471551 ], [ 14.25819689, 42.34458639 ], [ 14.25821684, 42.3445601 ], [ 14.25831006, 42.3444874 ] ] ] } },
{ "type": "Feature", "properties": { "NATIONALCADASTRALREFERENCE": "F196_001500.254", "ADMINISTRATIVEUNIT": "F196", "codice_istat": "069050", "regione": "Abruzzo", "provincia": "CH", "comune": "Miglianico", "sezione": null, "foglio": "15", "allegato": null, "sviluppo": null, "particella": "254" }, "geometry": { "type": "Polygon", "coordinates": [ [ [ 14.2582857, 42.34446939 ], [ 14.25831006, 42.3444874 ], [ 14.25821684, 42.3445601 ], [ 14.2582857, 42.34446939 ] ] ] } },
{ "type": "Feature", "properties": { "NATIONALCADASTRALREFERENCE": "F196_001500.255", "ADMINISTRATIVEUNIT": "F196", "codice_istat": "069050", "regione": "Abruzzo", "provincia": "CH", "comune": "Miglianico", "sezione": null, "foglio": "15", "allegato": null, "sviluppo": null, "particella": "255" }, "geometry": { "type": "Polygon", "coordinates": [ [ [ 14.25789879, 42.34358343 ], [ 14.25856407, 42.34304965 ], [ 14.25874811, 42.34310165 ], [ 14.25817183, 42.34354165 ], [ 14.25789879, 42.34358343 ] ] ] } },
{ "type": "Feature", "properties": { "NATIONALCADASTRALREFERENCE": "F196_001500.257", "ADMINISTRATIVEUNIT": "F196", "codice_istat": "069050", "regione": "Abruzzo", "provincia": "CH", "comune": "Miglianico", "sezione": null, "foglio": "15", "allegato": null, "sviluppo": null, "particella": "257" }, "geometry": { "type": "Polygon", "coordinates": [ [ [ 14.25817183, 42.34354165 ], [ 14.25874811, 42.34310165 ], [ 14.25897607, 42.34316322 ], [ 14.25857028, 42.34349468 ], [ 14.25817183, 42.34354165 ] ] ] } },
{ "type": "Feature", "properties": { "NATIONALCADASTRALREFERENCE": "F196_001500.258", "ADMINISTRATIVEUNIT": "F196", "codice_istat": "069050", "regione": "Abruzzo", "provincia": "CH", "comune": "Miglianico", "sezione": null, "foglio": "15", "allegato": null, "sviluppo": null, "particella": "258" }, "geometry": { "type": "Polygon", "coordinates": [ [ [ 14.25897607, 42.34316322 ], [ 14.25932247, 42.34325503 ], [ 14.25941994, 42.34328492 ], [ 14.25912376, 42.34340724 ], [ 14.25857028, 42.34349468 ], [ 14.25897607, 42.34316322 ] ] ] } },
{ "type": "Feature", "properties": { "NATIONALCADASTRALREFERENCE": "F196_001500.259", "ADMINISTRATIVEUNIT": "F196", "codice_istat": "069050", "regione": "Abruzzo", "provincia": "CH", "comune": "Miglianico", "sezione": null, "foglio": "15", "allegato": null, "sviluppo": null, "particella": "259" }, "geometry": { "type": "Polygon", "coordinates": [ [ [ 14.2590754, 42.34301809 ], [ 14.25937498, 42.34323014 ], [ 14.25932247, 42.34325503 ], [ 14.25897607, 42.34316322 ], [ 14.25874811, 42.34310165 ], [ 14.25878091, 42.34307722 ], [ 14.25891301, 42.34312654 ], [ 14.2590754, 42.34301809 ] ] ] } },
{ "type": "Feature", "properties": { "NATIONALCADASTRALREFERENCE": "F196_001500.26", "ADMINISTRATIVEUNIT": "F196", "codice_istat": "069050", "regione": "Abruzzo", "provincia": "CH", "comune": "Miglianico", "sezione": null, "foglio": "15", "allegato": null, "sviluppo": null, "particella": "26" }, "geometry": { "type": "Polygon", "coordinates": [ [ [ 14.25779055, 42.34812795 ], [ 14.25849823, 42.34879369 ], [ 14.25767779, 42.3493543 ], [ 14.25699331, 42.34876505 ], [ 14.25728947, 42.34846519 ], [ 14.25744084, 42.34835466 ], [ 14.25760833, 42.34825321 ], [ 14.25779055, 42.34812795 ] ] ] } },
{ "type": "Feature", "properties": { "NATIONALCADASTRALREFERENCE": "F196_001500.261", "ADMINISTRATIVEUNIT": "F196", "codice_istat": "069050", "regione": "Abruzzo", "provincia": "CH", "comune": "Miglianico", "sezione": null, "foglio": "15", "allegato": null, "sviluppo": null, "particella": "261" }, "geometry": { "type": "Polygon", "coordinates": [ [ [ 14.25919506, 42.3421903 ], [ 14.25947378, 42.34240048 ], [ 14.25956594, 42.34247695 ], [ 14.2595074, 42.3425073 ], [ 14.25938422, 42.34241723 ], [ 14.25941915, 42.34239466 ], [ 14.25916756, 42.34221145 ], [ 14.25919506, 42.3421903 ] ] ] } },
{ "type": "Feature", "properties": { "NATIONALCADASTRALREFERENCE": "F196_001500.262", "ADMINISTRATIVEUNIT": "F196", "codice_istat": "069050", "regione": "Abruzzo", "provincia": "CH", "comune": "Miglianico", "sezione": null, "foglio": "15", "allegato": null, "sviluppo": null, "particella": "262" }, "geometry": { "type": "Polygon", "coordinates": [ [ [ 14.25969791, 42.34257548 ], [ 14.26012505, 42.34290708 ], [ 14.2600416, 42.34294197 ], [ 14.26000444, 42.34291125 ], [ 14.25971666, 42.34267336 ], [ 14.25964546, 42.3426145 ], [ 14.25969791, 42.34257548 ] ] ] } },
{ "type": "Feature", "properties": { "NATIONALCADASTRALREFERENCE": "F196_001500.263", "ADMINISTRATIVEUNIT": "F196", "codice_istat": "069050", "regione": "Abruzzo", "provincia": "CH", "comune": "Miglianico", "sezione": null, "foglio": "15", "allegato": null, "sviluppo": null, "particella": "263" }, "geometry": { "type": "Polygon", "coordinates": [ [ [ 14.2600416, 42.34294197 ], [ 14.26012505, 42.34290708 ], [ 14.2601717, 42.34294889 ], [ 14.26010542, 42.34297981 ], [ 14.2600416, 42.34294197 ] ] ] } },
{ "type": "Feature", "properties": { "NATIONALCADASTRALREFERENCE": "F196_001500.264", "ADMINISTRATIVEUNIT": "F196", "codice_istat": "069050", "regione": "Abruzzo", "provincia": "CH", "comune": "Miglianico", "sezione": null, "foglio": "15", "allegato": null, "sviluppo": null, "particella": "264" }, "geometry": { "type": "Polygon", "coordinates": [ [ [ 14.25909211, 42.34300616 ], [ 14.25939918, 42.34321869 ], [ 14.25937498, 42.34323014 ], [ 14.2590754, 42.34301809 ], [ 14.25909211, 42.34300616 ] ] ] } },
{ "type": "Feature", "properties": { "NATIONALCADASTRALREFERENCE": "F196_001500.268", "ADMINISTRATIVEUNIT": "F196", "codice_istat": "069050", "regione": "Abruzzo", "provincia": "CH", "comune": "Miglianico", "sezione": null, "foglio": "15", "allegato": null, "sviluppo": null, "particella": "268" }, "geometry": { "type": "Polygon", "coordinates": [ [ [ 14.25847167, 42.34592938 ], [ 14.25843746, 42.34594559 ], [ 14.25853987, 42.34602161 ], [ 14.25861585, 42.34606734 ], [ 14.25855346, 42.3461233 ], [ 14.25848045, 42.34607819 ], [ 14.2584465, 42.34605704 ], [ 14.25841386, 42.34603712 ], [ 14.2583909, 42.34602281 ], [ 14.25825245, 42.34594789 ], [ 14.25820907, 42.34592042 ], [ 14.25828963, 42.34588544 ], [ 14.25838329, 42.34583716 ], [ 14.25841616, 42.34581943 ], [ 14.25847443, 42.3458958 ], [ 14.25848558, 42.34592268 ], [ 14.25847167, 42.34592938 ] ] ] } },
{ "type": "Feature", "properties": { "NATIONALCADASTRALREFERENCE": "F196_001500.27", "ADMINISTRATIVEUNIT": "F196", "codice_istat": "069050", "regione": "Abruzzo", "provincia": "CH", "comune": "Miglianico", "sezione": null, "foglio": "15", "allegato": null, "sviluppo": null, "particella": "27" }, "geometry": { "type": "Polygon", "coordinates": [ [ [ 14.25430739, 42.34601042 ], [ 14.25494782, 42.34528598 ], [ 14.2550244, 42.34520416 ], [ 14.25514813, 42.34527002 ], [ 14.25441922, 42.34606697 ], [ 14.25430739, 42.34601042 ] ] ] } },
{ "type": "Feature", "properties": { "NATIONALCADASTRALREFERENCE": "F196_001500.271", "ADMINISTRATIVEUNIT": "F196", "codice_istat": "069050", "regione": "Abruzzo", "provincia": "CH", "comune": "Miglianico", "sezione": null, "foglio": "15", "allegato": null, "sviluppo": null, "particella": "271" }, "geometry": { "type": "Polygon", "coordinates": [ [ [ 14.25956594, 42.34247695 ], [ 14.25969791, 42.34257548 ], [ 14.25964546, 42.3426145 ], [ 14.2595074, 42.3425073 ], [ 14.25956594, 42.34247695 ] ] ] } },
{ "type": "Feature", "properties": { "NATIONALCADASTRALREFERENCE": "F196_001500.275", "ADMINISTRATIVEUNIT": "F196", "codice_istat": "069050", "regione": "Abruzzo", "provincia": "CH", "comune": "Miglianico", "sezione": null, "foglio": "15", "allegato": null, "sviluppo": null, "particella": "275" }, "geometry": { "type": "Polygon", "coordinates": [ [ [ 14.2601717, 42.34294889 ], [ 14.26058586, 42.34327573 ], [ 14.26052737, 42.34330441 ], [ 14.26017171, 42.34302321 ], [ 14.26014294, 42.34300437 ], [ 14.26010542, 42.34297981 ], [ 14.2601717, 42.34294889 ] ] ] } },
{ "type": "Feature", "properties": { "NATIONALCADASTRALREFERENCE": "F196_001500.276", "ADMINISTRATIVEUNIT": "F196", "codice_istat": "069050", "regione": "Abruzzo", "provincia": "CH", "comune": "Miglianico", "sezione": null, "foglio": "15", "allegato": null, "sviluppo": null, "particella": "276" }, "geometry": { "type": "Polygon", "coordinates": [ [ [ 14.26887492, 42.34914098 ], [ 14.26880793, 42.34907744 ], [ 14.26952658, 42.34865609 ], [ 14.26968321, 42.34877732 ], [ 14.26959754, 42.3488243 ], [ 14.26918747, 42.34903034 ], [ 14.26887492, 42.34914098 ] ] ] } },
{ "type": "Feature", "properties": { "NATIONALCADASTRALREFERENCE": "F196_001500.277", "ADMINISTRATIVEUNIT": "F196", "codice_istat": "069050", "regione": "Abruzzo", "provincia": "CH", "comune": "Miglianico", "sezione": null, "foglio": "15", "allegato": null, "sviluppo": null, "particella": "277" }, "geometry": { "type": "Polygon", "coordinates": [ [ [ 14.26146503, 42.34851897 ], [ 14.26223263, 42.34934414 ], [ 14.26219027, 42.34936777 ], [ 14.26142626, 42.3485317 ], [ 14.26146503, 42.34851897 ] ] ] } },
{ "type": "Feature", "properties": { "NATIONALCADASTRALREFERENCE": "F196_001500.278", "ADMINISTRATIVEUNIT": "F196", "codice_istat": "069050", "regione": "Abruzzo", "provincia": "CH", "comune": "Miglianico", "sezione": null, "foglio": "15", "allegato": null, "sviluppo": null, "particella": "278" }, "geometry": { "type": "Polygon", "coordinates": [ [ [ 14.26146503, 42.34851897 ], [ 14.26152464, 42.34850767 ], [ 14.2616454, 42.34846247 ], [ 14.26177175, 42.34844306 ], [ 14.26193932, 42.34839491 ], [ 14.26221746, 42.34829748 ], [ 14.26260518, 42.34825795 ], [ 14.2627955, 42.34821959 ], [ 14.26307722, 42.34816861 ], [ 14.26315191, 42.34810574 ], [ 14.26336626, 42.34802898 ], [ 14.26345856, 42.34797435 ], [ 14.2635088, 42.34795388 ], [ 14.26371012, 42.34787402 ], [ 14.26386518, 42.34783582 ], [ 14.26411105, 42.3476503 ], [ 14.2643438, 42.34786737 ], [ 14.26466977, 42.34814825 ], [ 14.26481295, 42.34825971 ], [ 14.26399544, 42.34879184 ], [ 14.26365994, 42.34876887 ], [ 14.26341675, 42.34879806 ], [ 14.26318584, 42.34888754 ], [ 14.26272058, 42.3490665 ], [ 14.26243497, 42.34923555 ], [ 14.26223263, 42.34934414 ], [ 14.26146503, 42.34851897 ] ], [ [ 14.26307722, 42.34816861 ], [ 14.26261161, 42.34830205 ], [ 14.26274289, 42.34880527 ], [ 14.26332837, 42.34868009 ], [ 14.26371874, 42.34834617 ], [ 14.26347521, 42.34805051 ], [ 14.26307722, 42.34816861 ] ] ] } },
{ "type": "Feature", "properties": { "NATIONALCADASTRALREFERENCE": "F196_001500.279", "ADMINISTRATIVEUNIT": "F196", "codice_istat": "069050", "regione": "Abruzzo", "provincia": "CH", "comune": "Miglianico", "sezione": null, "foglio": "15", "allegato": null, "sviluppo": null, "particella": "279" }, "geometry": { "type": "Polygon", "coordinates": [ [ [ 14.26038851, 42.34749626 ], [ 14.26072089, 42.34779431 ], [ 14.26067989, 42.3478114 ], [ 14.2603559, 42.34751888 ], [ 14.26038851, 42.34749626 ] ] ] } },
{ "type": "Feature", "properties": { "NATIONALCADASTRALREFERENCE": "F196_001500.280", "ADMINISTRATIVEUNIT": "F196", "codice_istat": "069050", "regione": "Abruzzo", "provincia": "CH", "comune": "Miglianico", "sezione": null, "foglio": "15", "allegato": null, "sviluppo": null, "particella": "280" }, "geometry": { "type": "Polygon", "coordinates": [ [ [ 14.25879449, 42.34859152 ], [ 14.2603559, 42.34751888 ], [ 14.26067989, 42.3478114 ], [ 14.26015479, 42.34802389 ], [ 14.25879449, 42.34859152 ] ] ] } },
{ "type": "Feature", "properties": { "NATIONALCADASTRALREFERENCE": "F196_001500.281", "ADMINISTRATIVEUNIT": "F196", "codice_istat": "069050", "regione": "Abruzzo", "provincia": "CH", "comune": "Miglianico", "sezione": null, "foglio": "15", "allegato": null, "sviluppo": null, "particella": "281" }, "geometry": { "type": "Polygon", "coordinates": [ [ [ 14.25880135, 42.3456133 ], [ 14.25903346, 42.34581295 ], [ 14.25912263, 42.3459863 ], [ 14.25908971, 42.34600034 ], [ 14.25901225, 42.34583883 ], [ 14.25895339, 42.34579336 ], [ 14.25897207, 42.34578058 ], [ 14.25886313, 42.34571192 ], [ 14.25876419, 42.34563392 ], [ 14.25880135, 42.3456133 ] ] ] } },
{ "type": "Feature", "properties": { "NATIONALCADASTRALREFERENCE": "F196_001500.282", "ADMINISTRATIVEUNIT": "F196", "codice_istat": "069050", "regione": "Abruzzo", "provincia": "CH", "comune": "Miglianico", "sezione": null, "foglio": "15", "allegato": null, "sviluppo": null, "particella": "282" }, "geometry": { "type": "Polygon", "coordinates": [ [ [ 14.25895339, 42.34579336 ], [ 14.25901225, 42.34583883 ], [ 14.25908971, 42.34600034 ], [ 14.25905628, 42.34601383 ], [ 14.25903444, 42.34602516 ], [ 14.2589055, 42.3458358 ], [ 14.25895339, 42.34579336 ] ] ] } },
{ "type": "Feature", "properties": { "NATIONALCADASTRALREFERENCE": "F196_001500.283", "ADMINISTRATIVEUNIT": "F196", "codice_istat": "069050", "regione": "Abruzzo", "provincia": "CH", "comune": "Miglianico", "sezione": null, "foglio": "15", "allegato": null, "sviluppo": null, "particella": "283" }, "geometry": { "type": "Polygon", "coordinates": [ [ [ 14.25886313, 42.34571192 ], [ 14.25897207, 42.34578058 ], [ 14.25895339, 42.34579336 ], [ 14.25886313, 42.34571192 ] ] ] } },
{ "type": "Feature", "properties": { "NATIONALCADASTRALREFERENCE": "F196_001500.285", "ADMINISTRATIVEUNIT": "F196", "codice_istat": "069050", "regione": "Abruzzo", "provincia": "CH", "comune": "Miglianico", "sezione": null, "foglio": "15", "allegato": null, "sviluppo": null, "particella": "285" }, "geometry": { "type": "Polygon", "coordinates": [ [ [ 14.25941758, 42.34320968 ], [ 14.25946019, 42.3432416 ], [ 14.25947875, 42.34325548 ], [ 14.25950788, 42.34328079 ], [ 14.25946891, 42.34330152 ], [ 14.25943636, 42.34327556 ], [ 14.25937498, 42.34323014 ], [ 14.25939918, 42.34321869 ], [ 14.25941758, 42.34320968 ] ] ] } },
{ "type": "Feature", "properties": { "NATIONALCADASTRALREFERENCE": "F196_001500.286", "ADMINISTRATIVEUNIT": "F196", "codice_istat": "069050", "regione": "Abruzzo", "provincia": "CH", "comune": "Miglianico", "sezione": null, "foglio": "15", "allegato": null, "sviluppo": null, "particella": "286" }, "geometry": { "type": "Polygon", "coordinates": [ [ [ 14.25932247, 42.34325503 ], [ 14.25937498, 42.34323014 ], [ 14.25943636, 42.34327556 ], [ 14.25941994, 42.34328492 ], [ 14.25932247, 42.34325503 ] ] ] } },
{ "type": "Feature", "properties": { "NATIONALCADASTRALREFERENCE": "F196_001500.287", "ADMINISTRATIVEUNIT": "F196", "codice_istat": "069050", "regione": "Abruzzo", "provincia": "CH", "comune": "Miglianico", "sezione": null, "foglio": "15", "allegato": null, "sviluppo": null, "particella": "287" }, "geometry": { "type": "Polygon", "coordinates": [ [ [ 14.25911883, 42.34298888 ], [ 14.25916795, 42.34302519 ], [ 14.25941758, 42.34320968 ], [ 14.25939918, 42.34321869 ], [ 14.25909211, 42.34300616 ], [ 14.25911883, 42.34298888 ] ] ] } },
{ "type": "Feature", "properties": { "NATIONALCADASTRALREFERENCE": "F196_001500.288", "ADMINISTRATIVEUNIT": "F196", "codice_istat": "069050", "regione": "Abruzzo", "provincia": "CH", "comune": "Miglianico", "sezione": null, "foglio": "15", "allegato": null, "sviluppo": null, "particella": "288" }, "geometry": { "type": "Polygon", "coordinates": [ [ [ 14.25890174, 42.34282517 ], [ 14.25911883, 42.34298888 ], [ 14.25909211, 42.34300616 ], [ 14.25885932, 42.34284562 ], [ 14.25890174, 42.34282517 ] ] ] } },
{ "type": "Feature", "properties": { "NATIONALCADASTRALREFERENCE": "F196_001500.289", "ADMINISTRATIVEUNIT": "F196", "codice_istat": "069050", "regione": "Abruzzo", "provincia": "CH", "comune": "Miglianico", "sezione": null, "foglio": "15", "allegato": null, "sviluppo": null, "particella": "289" }, "geometry": { "type": "Polygon", "coordinates": [ [ [ 14.25885932, 42.34284562 ], [ 14.25909211, 42.34300616 ], [ 14.2590754, 42.34301809 ], [ 14.25885932, 42.34284562 ] ] ] } },
{ "type": "Feature", "properties": { "NATIONALCADASTRALREFERENCE": "F196_001500.29", "ADMINISTRATIVEUNIT": "F196", "codice_istat": "069050", "regione": "Abruzzo", "provincia": "CH", "comune": "Miglianico", "sezione": null, "foglio": "15", "allegato": null, "sviluppo": null, "particella": "29" }, "geometry": { "type": "Polygon", "coordinates": [ [ [ 14.2550275, 42.34618262 ], [ 14.25554707, 42.34565995 ], [ 14.25569647, 42.3457414 ], [ 14.25575297, 42.34577493 ], [ 14.25540338, 42.34611923 ], [ 14.25521837, 42.34629269 ], [ 14.2550275, 42.34618262 ] ] ] } },
{ "type": "Feature", "properties": { "NATIONALCADASTRALREFERENCE": "F196_001500.290", "ADMINISTRATIVEUNIT": "F196", "codice_istat": "069050", "regione": "Abruzzo", "provincia": "CH", "comune": "Miglianico", "sezione": null, "foglio": "15", "allegato": null, "sviluppo": null, "particella": "290" }, "geometry": { "type": "Polygon", "coordinates": [ [ [ 14.25849903, 42.34250313 ], [ 14.25862924, 42.34261184 ], [ 14.25860041, 42.3426345 ], [ 14.25846757, 42.34252636 ], [ 14.25849903, 42.34250313 ] ] ] } },
{ "type": "Feature", "properties": { "NATIONALCADASTRALREFERENCE": "F196_001500.291", "ADMINISTRATIVEUNIT": "F196", "codice_istat": "069050", "regione": "Abruzzo", "provincia": "CH", "comune": "Miglianico", "sezione": null, "foglio": "15", "allegato": null, "sviluppo": null, "particella": "291" }, "geometry": { "type": "Polygon", "coordinates": [ [ [ 14.25846757, 42.34252636 ], [ 14.25860041, 42.3426345 ], [ 14.25856865, 42.34265886 ], [ 14.25842328, 42.34255949 ], [ 14.25846757, 42.34252636 ] ] ] } },
{ "type": "Feature", "properties": { "NATIONALCADASTRALREFERENCE": "F196_001500.292", "ADMINISTRATIVEUNIT": "F196", "codice_istat": "069050", "regione": "Abruzzo", "provincia": "CH", "comune": "Miglianico", "sezione": null, "foglio": "15", "allegato": null, "sviluppo": null, "particella": "292" }, "geometry": { "type": "Polygon", "coordinates": [ [ [ 14.25789581, 42.34195211 ], [ 14.25802171, 42.34207147 ], [ 14.25787276, 42.34196587 ], [ 14.25789581, 42.34195211 ] ] ] } },
{ "type": "Feature", "properties": { "NATIONALCADASTRALREFERENCE": "F196_001500.294", "ADMINISTRATIVEUNIT": "F196", "codice_istat": "069050", "regione": "Abruzzo", "provincia": "CH", "comune": "Miglianico", "sezione": null, "foglio": "15", "allegato": null, "sviluppo": null, "particella": "294" }, "geometry": { "type": "Polygon", "coordinates": [ [ [ 14.25758023, 42.34188442 ], [ 14.25770658, 42.3418191 ], [ 14.2578534, 42.34197686 ], [ 14.25773354, 42.34204024 ], [ 14.25758023, 42.34188442 ] ] ] } },
{ "type": "Feature", "properties": { "NATIONALCADASTRALREFERENCE": "F196_001500.298", "ADMINISTRATIVEUNIT": "F196", "codice_istat": "069050", "regione": "Abruzzo", "provincia": "CH", "comune": "Miglianico", "sezione": null, "foglio": "15", "allegato": null, "sviluppo": null, "particella": "298" }, "geometry": { "type": "Polygon", "coordinates": [ [ [ 14.25762246, 42.34471196 ], [ 14.25777516, 42.34482864 ], [ 14.25779501, 42.34484423 ], [ 14.25791801, 42.34494087 ], [ 14.25792253, 42.34494425 ], [ 14.25792275, 42.34494459 ], [ 14.25798548, 42.34499327 ], [ 14.25770658, 42.34482658 ], [ 14.25767571, 42.34480232 ], [ 14.25758347, 42.34473044 ], [ 14.25762246, 42.34471196 ] ] ] } },
{ "type": "Feature", "properties": { "NATIONALCADASTRALREFERENCE": "F196_001500.3", "ADMINISTRATIVEUNIT": "F196", "codice_istat": "069050", "regione": "Abruzzo", "provincia": "CH", "comune": "Miglianico", "sezione": null, "foglio": "15", "allegato": null, "sviluppo": null, "particella": "3" }, "geometry": { "type": "Polygon", "coordinates": [ [ [ 14.26561452, 42.34671768 ], [ 14.26566104, 42.34667933 ], [ 14.26600438, 42.34683238 ], [ 14.26577833, 42.34678581 ], [ 14.26561452, 42.34671768 ] ] ] } },
{ "type": "Feature", "properties": { "NATIONALCADASTRALREFERENCE": "F196_001500.30", "ADMINISTRATIVEUNIT": "F196", "codice_istat": "069050", "regione": "Abruzzo", "provincia": "CH", "comune": "Miglianico", "sezione": null, "foglio": "15", "allegato": null, "sviluppo": null, "particella": "30" }, "geometry": { "type": "Polygon", "coordinates": [ [ [ 14.25521837, 42.34629269 ], [ 14.25540338, 42.34611923 ], [ 14.25575297, 42.34577493 ], [ 14.25590668, 42.34585898 ], [ 14.25524858, 42.3465491 ], [ 14.25506457, 42.3464327 ], [ 14.25521837, 42.34629269 ] ] ] } },
{ "type": "Feature", "properties": { "NATIONALCADASTRALREFERENCE": "F196_001500.31", "ADMINISTRATIVEUNIT": "F196", "codice_istat": "069050", "regione": "Abruzzo", "provincia": "CH", "comune": "Miglianico", "sezione": null, "foglio": "15", "allegato": null, "sviluppo": null, "particella": "31" }, "geometry": { "type": "Polygon", "coordinates": [ [ [ 14.25539672, 42.34558557 ], [ 14.25614572, 42.34482583 ], [ 14.25620323, 42.34487197 ], [ 14.25640723, 42.34500411 ], [ 14.25634445, 42.3450564 ], [ 14.25620634, 42.34522808 ], [ 14.25569647, 42.3457414 ], [ 14.25554707, 42.34565995 ], [ 14.25539672, 42.34558557 ] ] ] } },
{ "type": "Feature", "properties": { "NATIONALCADASTRALREFERENCE": "F196_001500.32", "ADMINISTRATIVEUNIT": "F196", "codice_istat": "069050", "regione": "Abruzzo", "provincia": "CH", "comune": "Miglianico", "sezione": null, "foglio": "15", "allegato": null, "sviluppo": null, "particella": "32" }, "geometry": { "type": "Polygon", "coordinates": [ [ [ 14.25874276, 42.34252654 ], [ 14.25914811, 42.34222491 ], [ 14.25916756, 42.34221145 ], [ 14.25941915, 42.34239466 ], [ 14.25938422, 42.34241723 ], [ 14.25896379, 42.3426904 ], [ 14.25874276, 42.34252654 ] ] ] } },
{ "type": "Feature", "properties": { "NATIONALCADASTRALREFERENCE": "F196_001500.33", "ADMINISTRATIVEUNIT": "F196", "codice_istat": "069050", "regione": "Abruzzo", "provincia": "CH", "comune": "Miglianico", "sezione": null, "foglio": "15", "allegato": null, "sviluppo": null, "particella": "33" }, "geometry": { "type": "Polygon", "coordinates": [ [ [ 14.25575297, 42.34577493 ], [ 14.25601367, 42.34544867 ], [ 14.25620634, 42.34522808 ], [ 14.2564233, 42.3450146 ], [ 14.25670719, 42.34521145 ], [ 14.25645928, 42.34541659 ], [ 14.25636932, 42.34549634 ], [ 14.25630237, 42.3455847 ], [ 14.25623084, 42.3456689 ], [ 14.25604121, 42.34593668 ], [ 14.25590668, 42.34585898 ], [ 14.25575297, 42.34577493 ] ] ] } },
{ "type": "Feature", "properties": { "NATIONALCADASTRALREFERENCE": "F196_001500.35", "ADMINISTRATIVEUNIT": "F196", "codice_istat": "069050", "regione": "Abruzzo", "provincia": "CH", "comune": "Miglianico", "sezione": null, "foglio": "15", "allegato": null, "sviluppo": null, "particella": "35" }, "geometry": { "type": "Polygon", "coordinates": [ [ [ 14.25672689, 42.34560252 ], [ 14.25708701, 42.34581578 ], [ 14.25737793, 42.34595841 ], [ 14.25727437, 42.34611228 ], [ 14.2571927, 42.34621247 ], [ 14.25711391, 42.34630249 ], [ 14.25680003, 42.3460683 ], [ 14.25651527, 42.34586789 ], [ 14.25624118, 42.34569715 ], [ 14.25637295, 42.34553321 ], [ 14.25647139, 42.34544072 ], [ 14.25672689, 42.34560252 ] ] ] } },
{ "type": "Feature", "properties": { "NATIONALCADASTRALREFERENCE": "F196_001500.3500", "ADMINISTRATIVEUNIT": "F196", "codice_istat": "069050", "regione": "Abruzzo", "provincia": "CH", "comune": "Miglianico", "sezione": null, "foglio": "15", "allegato": null, "sviluppo": null, "particella": "3500" }, "geometry": { "type": "Polygon", "coordinates": [ [ [ 14.26414534, 42.34762411 ], [ 14.26438771, 42.3478353 ], [ 14.26607006, 42.34696193 ], [ 14.26608432, 42.3469956 ], [ 14.26539594, 42.34734702 ], [ 14.26493157, 42.34759676 ], [ 14.26440912, 42.3478681 ], [ 14.2648483, 42.34823648 ], [ 14.26481295, 42.34825971 ], [ 14.26466977, 42.34814825 ], [ 14.2643438, 42.34786737 ], [ 14.26411105, 42.3476503 ], [ 14.26414534, 42.34762411 ] ] ] } },
{ "type": "Feature", "properties": { "NATIONALCADASTRALREFERENCE": "F196_001500.3502", "ADMINISTRATIVEUNIT": "F196", "codice_istat": "069050", "regione": "Abruzzo", "provincia": "CH", "comune": "Miglianico", "sezione": null, "foglio": "15", "allegato": null, "sviluppo": null, "particella": "3502" }, "geometry": { "type": "Polygon", "coordinates": [ [ [ 14.2654314, 42.34866952 ], [ 14.26583552, 42.34897927 ], [ 14.26576828, 42.34897436 ], [ 14.26540028, 42.34869165 ], [ 14.2654314, 42.34866952 ] ] ] } },
{ "type": "Feature", "properties": { "NATIONALCADASTRALREFERENCE": "F196_001500.3503", "ADMINISTRATIVEUNIT": "F196", "codice_istat": "069050", "regione": "Abruzzo", "provincia": "CH", "comune": "Miglianico", "sezione": null, "foglio": "15", "allegato": null, "sviluppo": null, "particella": "3503" }, "geometry": { "type": "Polygon", "coordinates": [ [ [ 14.25712099, 42.34990625 ], [ 14.25717916, 42.34981902 ], [ 14.25734104, 42.3496535 ], [ 14.25785488, 42.34954883 ], [ 14.2579501, 42.34952745 ], [ 14.25813192, 42.34953084 ], [ 14.25831953, 42.34950361 ], [ 14.25839126, 42.34949552 ], [ 14.25883297, 42.34934735 ], [ 14.2592146, 42.34921777 ], [ 14.25943821, 42.3491319 ], [ 14.25978603, 42.3489964 ], [ 14.26002876, 42.34888659 ], [ 14.26014855, 42.34882785 ], [ 14.26028384, 42.34881487 ], [ 14.26051464, 42.34869149 ], [ 14.26064993, 42.34867083 ], [ 14.26092654, 42.34865963 ], [ 14.26103494, 42.34860417 ], [ 14.26127793, 42.34854371 ], [ 14.2613796, 42.34854316 ], [ 14.26142626, 42.3485317 ], [ 14.26219027, 42.34936777 ], [ 14.26214676, 42.34939182 ], [ 14.26198824, 42.34939118 ], [ 14.26172286, 42.34952667 ], [ 14.26162679, 42.34959282 ], [ 14.2610982, 42.34969156 ], [ 14.26096594, 42.34986956 ], [ 14.26063163, 42.34999163 ], [ 14.2604904, 42.35005999 ], [ 14.26004487, 42.3502639 ], [ 14.25971444, 42.35028274 ], [ 14.25949932, 42.35025144 ], [ 14.25894028, 42.35018591 ], [ 14.25824367, 42.3500961 ], [ 14.25762891, 42.35001652 ], [ 14.25712099, 42.34990625 ] ] ] } },
{ "type": "Feature", "properties": { "NATIONALCADASTRALREFERENCE": "F196_001500.3504", "ADMINISTRATIVEUNIT": "F196", "codice_istat": "069050", "regione": "Abruzzo", "provincia": "CH", "comune": "Miglianico", "sezione": null, "foglio": "15", "allegato": null, "sviluppo": null, "particella": "3504" }, "geometry": { "type": "Polygon", "coordinates": [ [ [ 14.26358497, 42.34578271 ], [ 14.26327023, 42.34642411 ], [ 14.26337158, 42.34651568 ], [ 14.2641308, 42.34760689 ], [ 14.26403301, 42.3475688 ], [ 14.26333689, 42.3465417 ], [ 14.26264637, 42.34593852 ], [ 14.26269091, 42.34590781 ], [ 14.26323339, 42.346395 ], [ 14.26355167, 42.34574875 ], [ 14.26358497, 42.34578271 ] ] ] } },
{ "type": "Feature", "properties": { "NATIONALCADASTRALREFERENCE": "F196_001500.3505", "ADMINISTRATIVEUNIT": "F196", "codice_istat": "069050", "regione": "Abruzzo", "provincia": "CH", "comune": "Miglianico", "sezione": null, "foglio": "15", "allegato": null, "sviluppo": null, "particella": "3505" }, "geometry": { "type": "Polygon", "coordinates": [ [ [ 14.26358497, 42.34578271 ], [ 14.26382073, 42.3459872 ], [ 14.26394788, 42.34611521 ], [ 14.26401674, 42.34616351 ], [ 14.26427322, 42.34619878 ], [ 14.26471021, 42.3463758 ], [ 14.26507202, 42.34649539 ], [ 14.26556166, 42.34672728 ], [ 14.26550552, 42.34677232 ], [ 14.26505014, 42.34693918 ], [ 14.26479172, 42.34703021 ], [ 14.2646628, 42.34707409 ], [ 14.26457029, 42.34716178 ], [ 14.26446241, 42.3473319 ], [ 14.26438009, 42.34741758 ], [ 14.26418325, 42.34756657 ], [ 14.2641308, 42.34760689 ], [ 14.26337158, 42.34651568 ], [ 14.26327023, 42.34642411 ], [ 14.26358497, 42.34578271 ] ] ] } },
{ "type": "Feature", "properties": { "NATIONALCADASTRALREFERENCE": "F196_001500.3506", "ADMINISTRATIVEUNIT": "F196", "codice_istat": "069050", "regione": "Abruzzo", "provincia": "CH", "comune": "Miglianico", "sezione": null, "foglio": "15", "allegato": null, "sviluppo": null, "particella": "3506" }, "geometry": { "type": "Polygon", "coordinates": [ [ [ 14.26296756, 42.34571491 ], [ 14.26327508, 42.34550739 ], [ 14.26339612, 42.34558649 ], [ 14.26355167, 42.34574875 ], [ 14.26323339, 42.346395 ], [ 14.26269091, 42.34590781 ], [ 14.26296756, 42.34571491 ] ] ] } },
{ "type": "Feature", "properties": { "NATIONALCADASTRALREFERENCE": "F196_001500.3507", "ADMINISTRATIVEUNIT": "F196", "codice_istat": "069050", "regione": "Abruzzo", "provincia": "CH", "comune": "Miglianico", "sezione": null, "foglio": "15", "allegato": null, "sviluppo": null, "particella": "3507" }, "geometry": { "type": "Polygon", "coordinates": [ [ [ 14.25904687, 42.34207823 ], [ 14.25919506, 42.3421903 ], [ 14.25916756, 42.34221145 ], [ 14.25914811, 42.34222491 ], [ 14.25902567, 42.34213413 ], [ 14.25904356, 42.34211977 ], [ 14.25901562, 42.34210059 ], [ 14.25902912, 42.34209097 ], [ 14.25904687, 42.34207823 ] ] ] } },
{ "type": "Feature", "properties": { "NATIONALCADASTRALREFERENCE": "F196_001500.3520", "ADMINISTRATIVEUNIT": "F196", "codice_istat": "069050", "regione": "Abruzzo", "provincia": "CH", "comune": "Miglianico", "sezione": null, "foglio": "15", "allegato": null, "sviluppo": null, "particella": "3520" }, "geometry": { "type": "Polygon", "coordinates": [ [ [ 14.25843678, 42.34244839 ], [ 14.25849903, 42.34250313 ], [ 14.25846757, 42.34252636 ], [ 14.2584051, 42.3424746 ], [ 14.25843678, 42.34244839 ] ] ] } },
{ "type": "Feature", "properties": { "NATIONALCADASTRALREFERENCE": "F196_001500.3521", "ADMINISTRATIVEUNIT": "F196", "codice_istat": "069050", "regione": "Abruzzo", "provincia": "CH", "comune": "Miglianico", "sezione": null, "foglio": "15", "allegato": null, "sviluppo": null, "particella": "3521" }, "geometry": { "type": "Polygon", "coordinates": [ [ [ 14.2584051, 42.3424746 ], [ 14.25846757, 42.34252636 ], [ 14.25842328, 42.34255949 ], [ 14.25835787, 42.34251304 ], [ 14.2584051, 42.3424746 ] ] ] } },
{ "type": "Feature", "properties": { "NATIONALCADASTRALREFERENCE": "F196_001500.3522", "ADMINISTRATIVEUNIT": "F196", "codice_istat": "069050", "regione": "Abruzzo", "provincia": "CH", "comune": "Miglianico", "sezione": null, "foglio": "15", "allegato": null, "sviluppo": null, "particella": "3522" }, "geometry": { "type": "Polygon", "coordinates": [ [ [ 14.2582504, 42.34229717 ], [ 14.25843678, 42.34244839 ], [ 14.2584051, 42.3424746 ], [ 14.25821753, 42.34232278 ], [ 14.2582504, 42.34229717 ] ] ] } },
{ "type": "Feature", "properties": { "NATIONALCADASTRALREFERENCE": "F196_001500.3523", "ADMINISTRATIVEUNIT": "F196", "codice_istat": "069050", "regione": "Abruzzo", "provincia": "CH", "comune": "Miglianico", "sezione": null, "foglio": "15", "allegato": null, "sviluppo": null, "particella": "3523" }, "geometry": { "type": "Polygon", "coordinates": [ [ [ 14.25821753, 42.34232278 ], [ 14.2584051, 42.3424746 ], [ 14.25835787, 42.34251304 ], [ 14.25815735, 42.34237756 ], [ 14.25821753, 42.34232278 ] ] ] } },
{ "type": "Feature", "properties": { "NATIONALCADASTRALREFERENCE": "F196_001500.3524", "ADMINISTRATIVEUNIT": "F196", "codice_istat": "069050", "regione": "Abruzzo", "provincia": "CH", "comune": "Miglianico", "sezione": null, "foglio": "15", "allegato": null, "sviluppo": null, "particella": "3524" }, "geometry": { "type": "Polygon", "coordinates": [ [ [ 14.25875813, 42.34185751 ], [ 14.25897217, 42.34201731 ], [ 14.25895224, 42.34203318 ], [ 14.25873071, 42.34187843 ], [ 14.25875813, 42.34185751 ] ] ] } },
{ "type": "Feature", "properties": { "NATIONALCADASTRALREFERENCE": "F196_001500.3525", "ADMINISTRATIVEUNIT": "F196", "codice_istat": "069050", "regione": "Abruzzo", "provincia": "CH", "comune": "Miglianico", "sezione": null, "foglio": "15", "allegato": null, "sviluppo": null, "particella": "3525" }, "geometry": { "type": "Polygon", "coordinates": [ [ [ 14.25897217, 42.34201731 ], [ 14.25898173, 42.34202441 ], [ 14.25904687, 42.34207823 ], [ 14.25902912, 42.34209097 ], [ 14.25895224, 42.34203318 ], [ 14.25897217, 42.34201731 ] ] ] } },
{ "type": "Feature", "properties": { "NATIONALCADASTRALREFERENCE": "F196_001500.3526", "ADMINISTRATIVEUNIT": "F196", "codice_istat": "069050", "regione": "Abruzzo", "provincia": "CH", "comune": "Miglianico", "sezione": null, "foglio": "15", "allegato": null, "sviluppo": null, "particella": "3526" }, "geometry": { "type": "Polygon", "coordinates": [ [ [ 14.26181407, 42.3442521 ], [ 14.26182796, 42.34426268 ], [ 14.26177508, 42.34428126 ], [ 14.26177284, 42.34428227 ], [ 14.26176153, 42.34427351 ], [ 14.26174153, 42.34425777 ], [ 14.26083325, 42.34354274 ], [ 14.26072223, 42.34345534 ], [ 14.26052737, 42.34330441 ], [ 14.26058586, 42.34327573 ], [ 14.26121343, 42.34377108 ], [ 14.26181407, 42.3442521 ] ] ] } },
{ "type": "Feature", "properties": { "NATIONALCADASTRALREFERENCE": "F196_001500.3527", "ADMINISTRATIVEUNIT": "F196", "codice_istat": "069050", "regione": "Abruzzo", "provincia": "CH", "comune": "Miglianico", "sezione": null, "foglio": "15", "allegato": null, "sviluppo": null, "particella": "3527" }, "geometry": { "type": "Polygon", "coordinates": [ [ [ 14.26264334, 42.34489981 ], [ 14.26278075, 42.34501645 ], [ 14.26284939, 42.34509665 ], [ 14.26281765, 42.34511654 ], [ 14.26256582, 42.34491234 ], [ 14.26264334, 42.34489981 ] ] ] } },
{ "type": "Feature", "properties": { "NATIONALCADASTRALREFERENCE": "F196_001500.3528", "ADMINISTRATIVEUNIT": "F196", "codice_istat": "069050", "regione": "Abruzzo", "provincia": "CH", "comune": "Miglianico", "sezione": null, "foglio": "15", "allegato": null, "sviluppo": null, "particella": "3528" }, "geometry": { "type": "Polygon", "coordinates": [ [ [ 14.26180824, 42.34513943 ], [ 14.2622249, 42.34551079 ], [ 14.26218718, 42.34553866 ], [ 14.26175015, 42.34516256 ], [ 14.26180824, 42.34513943 ] ] ] } },
{ "type": "Feature", "properties": { "NATIONALCADASTRALREFERENCE": "F196_001500.3529", "ADMINISTRATIVEUNIT": "F196", "codice_istat": "069050", "regione": "Abruzzo", "provincia": "CH", "comune": "Miglianico", "sezione": null, "foglio": "15", "allegato": null, "sviluppo": null, "particella": "3529" }, "geometry": { "type": "Polygon", "coordinates": [ [ [ 14.26180824, 42.34513943 ], [ 14.2620027, 42.34505903 ], [ 14.26217969, 42.34500165 ], [ 14.26256582, 42.34491234 ], [ 14.26281765, 42.34511654 ], [ 14.26249848, 42.3453259 ], [ 14.2622249, 42.34551079 ], [ 14.26180824, 42.34513943 ] ] ] } },
{ "type": "Feature", "properties": { "NATIONALCADASTRALREFERENCE": "F196_001500.3531", "ADMINISTRATIVEUNIT": "F196", "codice_istat": "069050", "regione": "Abruzzo", "provincia": "CH", "comune": "Miglianico", "sezione": null, "foglio": "15", "allegato": null, "sviluppo": null, "particella": "3531" }, "geometry": { "type": "Polygon", "coordinates": [ [ [ 14.25946891, 42.34330152 ], [ 14.26096756, 42.3444736 ], [ 14.26049854, 42.34425659 ], [ 14.26014153, 42.34463061 ], [ 14.25994727, 42.34425477 ], [ 14.25985209, 42.34409493 ], [ 14.25971944, 42.34399532 ], [ 14.2595011, 42.34382516 ], [ 14.25942147, 42.34375879 ], [ 14.25939288, 42.34373496 ], [ 14.25919803, 42.34357255 ], [ 14.25925052, 42.34339426 ], [ 14.25941994, 42.34328492 ], [ 14.25943636, 42.34327556 ], [ 14.25946891, 42.34330152 ] ] ] } },
{ "type": "Feature", "properties": { "NATIONALCADASTRALREFERENCE": "F196_001500.3532", "ADMINISTRATIVEUNIT": "F196", "codice_istat": "069050", "regione": "Abruzzo", "provincia": "CH", "comune": "Miglianico", "sezione": null, "foglio": "15", "allegato": null, "sviluppo": null, "particella": "3532" }, "geometry": { "type": "Polygon", "coordinates": [ [ [ 14.2598999, 42.34358491 ], [ 14.26009771, 42.3437384 ], [ 14.26036492, 42.34394344 ], [ 14.26048796, 42.34404115 ], [ 14.26113099, 42.34454537 ], [ 14.26096756, 42.3444736 ], [ 14.25946891, 42.34330152 ], [ 14.25950788, 42.34328079 ], [ 14.25951718, 42.3432899 ], [ 14.25983344, 42.34353473 ], [ 14.2598999, 42.34358491 ] ] ] } },
{ "type": "Feature", "properties": { "NATIONALCADASTRALREFERENCE": "F196_001500.3534", "ADMINISTRATIVEUNIT": "F196", "codice_istat": "069050", "regione": "Abruzzo", "provincia": "CH", "comune": "Miglianico", "sezione": null, "foglio": "15", "allegato": null, "sviluppo": null, "particella": "3534" }, "geometry": { "type": "Polygon", "coordinates": [ [ [ 14.26214104, 42.34450101 ], [ 14.26249624, 42.34478114 ], [ 14.26264334, 42.34489981 ], [ 14.26256582, 42.34491234 ], [ 14.26214011, 42.34456653 ], [ 14.26214104, 42.34450101 ] ] ] } },
{ "type": "Feature", "properties": { "NATIONALCADASTRALREFERENCE": "F196_001500.3541", "ADMINISTRATIVEUNIT": "F196", "codice_istat": "069050", "regione": "Abruzzo", "provincia": "CH", "comune": "Miglianico", "sezione": null, "foglio": "15", "allegato": null, "sviluppo": null, "particella": "3541" }, "geometry": { "type": "Polygon", "coordinates": [ [ [ 14.25876419, 42.34563392 ], [ 14.25886313, 42.34571192 ], [ 14.25895339, 42.34579336 ], [ 14.2589055, 42.3458358 ], [ 14.25876419, 42.34563392 ] ] ] } },
{ "type": "Feature", "properties": { "NATIONALCADASTRALREFERENCE": "F196_001500.3542", "ADMINISTRATIVEUNIT": "F196", "codice_istat": "069050", "regione": "Abruzzo", "provincia": "CH", "comune": "Miglianico", "sezione": null, "foglio": "15", "allegato": null, "sviluppo": null, "particella": "3542" }, "geometry": { "type": "Polygon", "coordinates": [ [ [ 14.26600438, 42.34683238 ], [ 14.26690908, 42.34724711 ], [ 14.26745965, 42.34750209 ], [ 14.26807141, 42.34778198 ], [ 14.26856211, 42.34802514 ], [ 14.26892659, 42.34822324 ], [ 14.2690623, 42.34829722 ], [ 14.26928872, 42.34843077 ], [ 14.26954047, 42.34859349 ], [ 14.26975465, 42.34874149 ], [ 14.26971781, 42.34876034 ], [ 14.26945654, 42.34856617 ], [ 14.26925767, 42.3484272 ], [ 14.26916757, 42.34837869 ], [ 14.26887219, 42.34825107 ], [ 14.26847835, 42.34803486 ], [ 14.26817401, 42.34788725 ], [ 14.26780633, 42.34770741 ], [ 14.26760557, 42.3476095 ], [ 14.26703659, 42.34735538 ], [ 14.26675722, 42.34722957 ], [ 14.26620719, 42.34697992 ], [ 14.26593814, 42.34686201 ], [ 14.26559196, 42.34673133 ], [ 14.26561452, 42.34671768 ], [ 14.26577833, 42.34678581 ], [ 14.26600438, 42.34683238 ] ] ] } },
{ "type": "Feature", "properties": { "NATIONALCADASTRALREFERENCE": "F196_001500.3543", "ADMINISTRATIVEUNIT": "F196", "codice_istat": "069050", "regione": "Abruzzo", "provincia": "CH", "comune": "Miglianico", "sezione": null, "foglio": "15", "allegato": null, "sviluppo": null, "particella": "3543" }, "geometry": { "type": "Polygon", "coordinates": [ [ [ 14.26339612, 42.34558649 ], [ 14.26362816, 42.34578194 ], [ 14.26371853, 42.34585685 ], [ 14.26391159, 42.34600609 ], [ 14.26394449, 42.34609031 ], [ 14.26410124, 42.34613789 ], [ 14.26421271, 42.34612974 ], [ 14.26507202, 42.34649539 ], [ 14.26471021, 42.3463758 ], [ 14.26427322, 42.34619878 ], [ 14.26401674, 42.34616351 ], [ 14.26394788, 42.34611521 ], [ 14.26382073, 42.3459872 ], [ 14.26358497, 42.34578271 ], [ 14.26355167, 42.34574875 ], [ 14.26339612, 42.34558649 ] ] ] } },
{ "type": "Feature", "properties": { "NATIONALCADASTRALREFERENCE": "F196_001500.3544", "ADMINISTRATIVEUNIT": "F196", "codice_istat": "069050", "regione": "Abruzzo", "provincia": "CH", "comune": "Miglianico", "sezione": null, "foglio": "15", "allegato": null, "sviluppo": null, "particella": "3544" }, "geometry": { "type": "Polygon", "coordinates": [ [ [ 14.26507202, 42.34649539 ], [ 14.26557919, 42.34671001 ], [ 14.26556166, 42.34672728 ], [ 14.26507202, 42.34649539 ] ] ] } },
{ "type": "Feature", "properties": { "NATIONALCADASTRALREFERENCE": "F196_001500.3545", "ADMINISTRATIVEUNIT": "F196", "codice_istat": "069050", "regione": "Abruzzo", "provincia": "CH", "comune": "Miglianico", "sezione": null, "foglio": "15", "allegato": null, "sviluppo": null, "particella": "3545" }, "geometry": { "type": "Polygon", "coordinates": [ [ [ 14.26329352, 42.34550001 ], [ 14.26339612, 42.34558649 ], [ 14.26327508, 42.34550739 ], [ 14.26329352, 42.34550001 ] ] ] } },
{ "type": "Feature", "properties": { "NATIONALCADASTRALREFERENCE": "F196_001500.36", "ADMINISTRATIVEUNIT": "F196", "codice_istat": "069050", "regione": "Abruzzo", "provincia": "CH", "comune": "Miglianico", "sezione": null, "foglio": "15", "allegato": null, "sviluppo": null, "particella": "36" }, "geometry": { "type": "Polygon", "coordinates": [ [ [ 14.25739729, 42.34594118 ], [ 14.25757667, 42.34600927 ], [ 14.25771828, 42.3460338 ], [ 14.25754277, 42.34627598 ], [ 14.25737889, 42.34623768 ], [ 14.25731695, 42.34620418 ], [ 14.25727437, 42.34611228 ], [ 14.25737793, 42.34595841 ], [ 14.25739729, 42.34594118 ] ] ] } },
{ "type": "Feature", "properties": { "NATIONALCADASTRALREFERENCE": "F196_001500.37", "ADMINISTRATIVEUNIT": "F196", "codice_istat": "069050", "regione": "Abruzzo", "provincia": "CH", "comune": "Miglianico", "sezione": null, "foglio": "15", "allegato": null, "sviluppo": null, "particella": "37" }, "geometry": { "type": "Polygon", "coordinates": [ [ [ 14.25771828, 42.3460338 ], [ 14.25784957, 42.34605223 ], [ 14.25794323, 42.34607848 ], [ 14.25796727, 42.34608611 ], [ 14.25780538, 42.34627835 ], [ 14.25754277, 42.34627598 ], [ 14.25771828, 42.3460338 ] ] ] } },
{ "type": "Feature", "properties": { "NATIONALCADASTRALREFERENCE": "F196_001500.38", "ADMINISTRATIVEUNIT": "F196", "codice_istat": "069050", "regione": "Abruzzo", "provincia": "CH", "comune": "Miglianico", "sezione": null, "foglio": "15", "allegato": null, "sviluppo": null, "particella": "38" }, "geometry": { "type": "Polygon", "coordinates": [ [ [ 14.25705103, 42.34534678 ], [ 14.25725499, 42.3454595 ], [ 14.25737793, 42.34595841 ], [ 14.25708701, 42.34581578 ], [ 14.25672689, 42.34560252 ], [ 14.25705103, 42.34534678 ] ] ] } },
{ "type": "Feature", "properties": { "NATIONALCADASTRALREFERENCE": "F196_001500.39", "ADMINISTRATIVEUNIT": "F196", "codice_istat": "069050", "regione": "Abruzzo", "provincia": "CH", "comune": "Miglianico", "sezione": null, "foglio": "15", "allegato": null, "sviluppo": null, "particella": "39" }, "geometry": { "type": "Polygon", "coordinates": [ [ [ 14.2583844, 42.34651046 ], [ 14.25843135, 42.34658259 ], [ 14.2584724, 42.34664814 ], [ 14.25850426, 42.34664083 ], [ 14.25852855, 42.34679208 ], [ 14.25860015, 42.34691688 ], [ 14.25861642, 42.3469417 ], [ 14.2586659, 42.34700119 ], [ 14.25868064, 42.34703133 ], [ 14.25837639, 42.3471822 ], [ 14.25831042, 42.34709384 ], [ 14.25814802, 42.34689087 ], [ 14.25798233, 42.34669559 ], [ 14.25792759, 42.34665654 ], [ 14.2583844, 42.34651046 ] ] ] } },
{ "type": "Feature", "properties": { "NATIONALCADASTRALREFERENCE": "F196_001500.4", "ADMINISTRATIVEUNIT": "F196", "codice_istat": "069050", "regione": "Abruzzo", "provincia": "CH", "comune": "Miglianico", "sezione": null, "foglio": "15", "allegato": null, "sviluppo": null, "particella": "4" }, "geometry": { "type": "Polygon", "coordinates": [ [ [ 14.26278075, 42.34501645 ], [ 14.26331205, 42.34543028 ], [ 14.26361433, 42.34565778 ], [ 14.26372677, 42.34575844 ], [ 14.26401541, 42.3459329 ], [ 14.26414895, 42.34600384 ], [ 14.26461117, 42.34621114 ], [ 14.2656326, 42.34666782 ], [ 14.26557919, 42.34671001 ], [ 14.26507202, 42.34649539 ], [ 14.26421271, 42.34612974 ], [ 14.26410124, 42.34613789 ], [ 14.26394449, 42.34609031 ], [ 14.26391159, 42.34600609 ], [ 14.26371853, 42.34585685 ], [ 14.26362816, 42.34578194 ], [ 14.26339612, 42.34558649 ], [ 14.26329352, 42.34550001 ], [ 14.26299533, 42.34523496 ], [ 14.26284939, 42.34509665 ], [ 14.26278075, 42.34501645 ] ] ] } },
{ "type": "Feature", "properties": { "NATIONALCADASTRALREFERENCE": "F196_001500.40", "ADMINISTRATIVEUNIT": "F196", "codice_istat": "069050", "regione": "Abruzzo", "provincia": "CH", "comune": "Miglianico", "sezione": null, "foglio": "15", "allegato": null, "sviluppo": null, "particella": "40" }, "geometry": { "type": "Polygon", "coordinates": [ [ [ 14.25807668, 42.34538951 ], [ 14.25841616, 42.34581943 ], [ 14.25838329, 42.34583716 ], [ 14.25828963, 42.34588544 ], [ 14.25820907, 42.34592042 ], [ 14.25811173, 42.34587041 ], [ 14.25801455, 42.34583081 ], [ 14.25788734, 42.3457938 ], [ 14.25801466, 42.34551473 ], [ 14.25807668, 42.34538951 ] ] ] } },
{ "type": "Feature", "properties": { "NATIONALCADASTRALREFERENCE": "F196_001500.4001", "ADMINISTRATIVEUNIT": "F196", "codice_istat": "069050", "regione": "Abruzzo", "provincia": "CH", "comune": "Miglianico", "sezione": null, "foglio": "15", "allegato": null, "sviluppo": null, "particella": "4001" }, "geometry": { "type": "Polygon", "coordinates": [ [ [ 14.25957174, 42.34678315 ], [ 14.25959217, 42.34682162 ], [ 14.26008316, 42.34721281 ], [ 14.26038851, 42.34749626 ], [ 14.2603559, 42.34751888 ], [ 14.26004136, 42.34722584 ], [ 14.25955518, 42.34683079 ], [ 14.25953972, 42.34680419 ], [ 14.25957174, 42.34678315 ] ] ] } },
{ "type": "Feature", "properties": { "NATIONALCADASTRALREFERENCE": "F196_001500.4002", "ADMINISTRATIVEUNIT": "F196", "codice_istat": "069050", "regione": "Abruzzo", "provincia": "CH", "comune": "Miglianico", "sezione": null, "foglio": "15", "allegato": null, "sviluppo": null, "particella": "4002" }, "geometry": { "type": "Polygon", "coordinates": [ [ [ 14.25890939, 42.3471926 ], [ 14.25915234, 42.34704771 ], [ 14.25953972, 42.34680419 ], [ 14.25955518, 42.34683079 ], [ 14.26004136, 42.34722584 ], [ 14.2603559, 42.34751888 ], [ 14.25879449, 42.34859152 ], [ 14.25849823, 42.34879369 ], [ 14.25779055, 42.34812795 ], [ 14.2578572, 42.34808399 ], [ 14.25788535, 42.34805323 ], [ 14.2580098, 42.34792954 ], [ 14.25812237, 42.34781589 ], [ 14.258173, 42.34776436 ], [ 14.25832976, 42.34760932 ], [ 14.25850894, 42.34755356 ], [ 14.25861234, 42.34748855 ], [ 14.25879906, 42.34730705 ], [ 14.25878676, 42.34727693 ], [ 14.25890939, 42.3471926 ] ] ] } },
{ "type": "Feature", "properties": { "NATIONALCADASTRALREFERENCE": "F196_001500.4003", "ADMINISTRATIVEUNIT": "F196", "codice_istat": "069050", "regione": "Abruzzo", "provincia": "CH", "comune": "Miglianico", "sezione": null, "foglio": "15", "allegato": null, "sviluppo": null, "particella": "4003" }, "geometry": { "type": "Polygon", "coordinates": [ [ [ 14.25847443, 42.3458958 ], [ 14.25859989, 42.3458548 ], [ 14.25867673, 42.34588545 ], [ 14.25865344, 42.34592044 ], [ 14.25863765, 42.34594547 ], [ 14.25870042, 42.3459963 ], [ 14.25848558, 42.34592268 ], [ 14.25847443, 42.3458958 ] ] ] } },
{ "type": "Feature", "properties": { "NATIONALCADASTRALREFERENCE": "F196_001500.4005", "ADMINISTRATIVEUNIT": "F196", "codice_istat": "069050", "regione": "Abruzzo", "provincia": "CH", "comune": "Miglianico", "sezione": null, "foglio": "15", "allegato": null, "sviluppo": null, "particella": "4005" }, "geometry": { "type": "Polygon", "coordinates": [ [ [ 14.25613326, 42.34362713 ], [ 14.25621273, 42.34369421 ], [ 14.25639517, 42.34379702 ], [ 14.25654186, 42.34389415 ], [ 14.25650225, 42.34391415 ], [ 14.25597341, 42.34353099 ], [ 14.25606181, 42.34357352 ], [ 14.25613326, 42.34362713 ] ] ] } },
{ "type": "Feature", "properties": { "NATIONALCADASTRALREFERENCE": "F196_001500.4006", "ADMINISTRATIVEUNIT": "F196", "codice_istat": "069050", "regione": "Abruzzo", "provincia": "CH", "comune": "Miglianico", "sezione": null, "foglio": "15", "allegato": null, "sviluppo": null, "particella": "4006" }, "geometry": { "type": "Polygon", "coordinates": [ [ [ 14.25669486, 42.34400443 ], [ 14.25677248, 42.34406721 ], [ 14.25674131, 42.34408734 ], [ 14.25665843, 42.34402613 ], [ 14.25669486, 42.34400443 ] ] ] } },
{ "type": "Feature", "properties": { "NATIONALCADASTRALREFERENCE": "F196_001500.4007", "ADMINISTRATIVEUNIT": "F196", "codice_istat": "069050", "regione": "Abruzzo", "provincia": "CH", "comune": "Miglianico", "sezione": null, "foglio": "15", "allegato": null, "sviluppo": null, "particella": "4007" }, "geometry": { "type": "Polygon", "coordinates": [ [ [ 14.25685408, 42.3441356 ], [ 14.25698657, 42.34422959 ], [ 14.25702515, 42.34427691 ], [ 14.25701413, 42.34428972 ], [ 14.25683126, 42.34414721 ], [ 14.25685408, 42.3441356 ] ] ] } },
{ "type": "Feature", "properties": { "NATIONALCADASTRALREFERENCE": "F196_001500.4008", "ADMINISTRATIVEUNIT": "F196", "codice_istat": "069050", "regione": "Abruzzo", "provincia": "CH", "comune": "Miglianico", "sezione": null, "foglio": "15", "allegato": null, "sviluppo": null, "particella": "4008" }, "geometry": { "type": "Polygon", "coordinates": [ [ [ 14.25801136, 42.3450399 ], [ 14.25802741, 42.34504918 ], [ 14.25803744, 42.34509545 ], [ 14.25793373, 42.34502297 ], [ 14.25801136, 42.3450399 ] ] ] } },
{ "type": "Feature", "properties": { "NATIONALCADASTRALREFERENCE": "F196_001500.4009", "ADMINISTRATIVEUNIT": "F196", "codice_istat": "069050", "regione": "Abruzzo", "provincia": "CH", "comune": "Miglianico", "sezione": null, "foglio": "15", "allegato": null, "sviluppo": null, "particella": "4009" }, "geometry": { "type": "Polygon", "coordinates": [ [ [ 14.25802202, 42.34502924 ], [ 14.25822948, 42.34520189 ], [ 14.25820612, 42.34522639 ], [ 14.25803744, 42.34509545 ], [ 14.25802741, 42.34504918 ], [ 14.25801136, 42.3450399 ], [ 14.25802202, 42.34502924 ] ] ] } },
{ "type": "Feature", "properties": { "NATIONALCADASTRALREFERENCE": "F196_001500.4010", "ADMINISTRATIVEUNIT": "F196", "codice_istat": "069050", "regione": "Abruzzo", "provincia": "CH", "comune": "Miglianico", "sezione": null, "foglio": "15", "allegato": null, "sviluppo": null, "particella": "4010" }, "geometry": { "type": "Polygon", "coordinates": [ [ [ 14.25802202, 42.34502924 ], [ 14.25811275, 42.34496255 ], [ 14.25824621, 42.3448964 ], [ 14.25837037, 42.34504242 ], [ 14.25832223, 42.34509818 ], [ 14.25827262, 42.34515907 ], [ 14.25822948, 42.34520189 ], [ 14.25802202, 42.34502924 ] ] ] } },
{ "type": "Feature", "properties": { "NATIONALCADASTRALREFERENCE": "F196_001500.4011", "ADMINISTRATIVEUNIT": "F196", "codice_istat": "069050", "regione": "Abruzzo", "provincia": "CH", "comune": "Miglianico", "sezione": null, "foglio": "15", "allegato": null, "sviluppo": null, "particella": "4011" }, "geometry": { "type": "Polygon", "coordinates": [ [ [ 14.25822948, 42.34520189 ], [ 14.25880135, 42.3456133 ], [ 14.25876419, 42.34563392 ], [ 14.25820612, 42.34522639 ], [ 14.25822948, 42.34520189 ] ] ] } },
{ "type": "Feature", "properties": { "NATIONALCADASTRALREFERENCE": "F196_001500.4012", "ADMINISTRATIVEUNIT": "F196", "codice_istat": "069050", "regione": "Abruzzo", "provincia": "CH", "comune": "Miglianico", "sezione": null, "foglio": "15", "allegato": null, "sviluppo": null, "particella": "4012" }, "geometry": { "type": "Polygon", "coordinates": [ [ [ 14.25820612, 42.34522639 ], [ 14.25876419, 42.34563392 ], [ 14.25871428, 42.34567538 ], [ 14.25816569, 42.34527449 ], [ 14.25819218, 42.34524297 ], [ 14.25820612, 42.34522639 ] ] ] } },
{ "type": "Feature", "properties": { "NATIONALCADASTRALREFERENCE": "F196_001500.4013", "ADMINISTRATIVEUNIT": "F196", "codice_istat": "069050", "regione": "Abruzzo", "provincia": "CH", "comune": "Miglianico", "sezione": null, "foglio": "15", "allegato": null, "sviluppo": null, "particella": "4013" }, "geometry": { "type": "Polygon", "coordinates": [ [ [ 14.25704748, 42.34427559 ], [ 14.25715941, 42.34435424 ], [ 14.25711197, 42.34437308 ], [ 14.25703035, 42.34430067 ], [ 14.25704748, 42.34427559 ] ] ] } },
{ "type": "Feature", "properties": { "NATIONALCADASTRALREFERENCE": "F196_001500.4014", "ADMINISTRATIVEUNIT": "F196", "codice_istat": "069050", "regione": "Abruzzo", "provincia": "CH", "comune": "Miglianico", "sezione": null, "foglio": "15", "allegato": null, "sviluppo": null, "particella": "4014" }, "geometry": { "type": "Polygon", "coordinates": [ [ [ 14.25701247, 42.34421864 ], [ 14.25708075, 42.34425209 ], [ 14.25714406, 42.34421823 ], [ 14.25719409, 42.34430261 ], [ 14.25716326, 42.34431416 ], [ 14.25718565, 42.34434523 ], [ 14.25715941, 42.34435424 ], [ 14.25704748, 42.34427559 ], [ 14.25701247, 42.34421864 ] ] ] } },
{ "type": "Feature", "properties": { "NATIONALCADASTRALREFERENCE": "F196_001500.4015", "ADMINISTRATIVEUNIT": "F196", "codice_istat": "069050", "regione": "Abruzzo", "provincia": "CH", "comune": "Miglianico", "sezione": null, "foglio": "15", "allegato": null, "sviluppo": null, "particella": "4015" }, "geometry": { "type": "Polygon", "coordinates": [ [ [ 14.25715941, 42.34435424 ], [ 14.25741299, 42.34455771 ], [ 14.25737941, 42.34457949 ], [ 14.25711197, 42.34437308 ], [ 14.25715941, 42.34435424 ] ] ] } },
{ "type": "Feature", "properties": { "NATIONALCADASTRALREFERENCE": "F196_001500.4016", "ADMINISTRATIVEUNIT": "F196", "codice_istat": "069050", "regione": "Abruzzo", "provincia": "CH", "comune": "Miglianico", "sezione": null, "foglio": "15", "allegato": null, "sviluppo": null, "particella": "4016" }, "geometry": { "type": "Polygon", "coordinates": [ [ [ 14.25711197, 42.34437308 ], [ 14.25737941, 42.34457949 ], [ 14.25732459, 42.344615 ], [ 14.25727052, 42.34456863 ], [ 14.25709869, 42.34443544 ], [ 14.25704879, 42.34439159 ], [ 14.25711197, 42.34437308 ] ] ] } },
{ "type": "Feature", "properties": { "NATIONALCADASTRALREFERENCE": "F196_001500.4017", "ADMINISTRATIVEUNIT": "F196", "codice_istat": "069050", "regione": "Abruzzo", "provincia": "CH", "comune": "Miglianico", "sezione": null, "foglio": "15", "allegato": null, "sviluppo": null, "particella": "4017" }, "geometry": { "type": "Polygon", "coordinates": [ [ [ 14.25770658, 42.34482658 ], [ 14.25798548, 42.34499327 ], [ 14.25793373, 42.34502297 ], [ 14.25772895, 42.34484592 ], [ 14.25770658, 42.34482658 ] ] ] } },
{ "type": "Feature", "properties": { "NATIONALCADASTRALREFERENCE": "F196_001500.4018", "ADMINISTRATIVEUNIT": "F196", "codice_istat": "069050", "regione": "Abruzzo", "provincia": "CH", "comune": "Miglianico", "sezione": null, "foglio": "15", "allegato": null, "sviluppo": null, "particella": "4018" }, "geometry": { "type": "Polygon", "coordinates": [ [ [ 14.25741299, 42.34455771 ], [ 14.25762246, 42.34471196 ], [ 14.25758347, 42.34473044 ], [ 14.25737941, 42.34457949 ], [ 14.25741299, 42.34455771 ] ] ] } },
{ "type": "Feature", "properties": { "NATIONALCADASTRALREFERENCE": "F196_001500.4022", "ADMINISTRATIVEUNIT": "F196", "codice_istat": "069050", "regione": "Abruzzo", "provincia": "CH", "comune": "Miglianico", "sezione": null, "foglio": "15", "allegato": null, "sviluppo": null, "particella": "4022" }, "geometry": { "type": "Polygon", "coordinates": [ [ [ 14.25790699, 42.34379008 ], [ 14.25774315, 42.34362926 ], [ 14.25813716, 42.34357225 ], [ 14.25790699, 42.34379008 ] ] ] } },
{ "type": "Feature", "properties": { "NATIONALCADASTRALREFERENCE": "F196_001500.4027", "ADMINISTRATIVEUNIT": "F196", "codice_istat": "069050", "regione": "Abruzzo", "provincia": "CH", "comune": "Miglianico", "sezione": null, "foglio": "15", "allegato": null, "sviluppo": null, "particella": "4027" }, "geometry": { "type": "Polygon", "coordinates": [ [ [ 14.25802171, 42.34207147 ], [ 14.2582504, 42.34229717 ], [ 14.25821753, 42.34232278 ], [ 14.2578534, 42.34197686 ], [ 14.25787276, 42.34196587 ], [ 14.25802171, 42.34207147 ] ] ] } },
{ "type": "Feature", "properties": { "NATIONALCADASTRALREFERENCE": "F196_001500.4028", "ADMINISTRATIVEUNIT": "F196", "codice_istat": "069050", "regione": "Abruzzo", "provincia": "CH", "comune": "Miglianico", "sezione": null, "foglio": "15", "allegato": null, "sviluppo": null, "particella": "4028" }, "geometry": { "type": "Polygon", "coordinates": [ [ [ 14.25802171, 42.34207147 ], [ 14.25828595, 42.34226667 ], [ 14.2582504, 42.34229717 ], [ 14.25802171, 42.34207147 ] ] ] } },
{ "type": "Feature", "properties": { "NATIONALCADASTRALREFERENCE": "F196_001500.4029", "ADMINISTRATIVEUNIT": "F196", "codice_istat": "069050", "regione": "Abruzzo", "provincia": "CH", "comune": "Miglianico", "sezione": null, "foglio": "15", "allegato": null, "sviluppo": null, "particella": "4029" }, "geometry": { "type": "Polygon", "coordinates": [ [ [ 14.25870042, 42.3459963 ], [ 14.25880508, 42.34610202 ], [ 14.25878937, 42.34611023 ], [ 14.25879584, 42.34611866 ], [ 14.25881304, 42.3461411 ], [ 14.25886599, 42.34627794 ], [ 14.25889001, 42.3463438 ], [ 14.25866916, 42.34619805 ], [ 14.25863973, 42.34617863 ], [ 14.2586696, 42.34615277 ], [ 14.2587069, 42.34617677 ], [ 14.25872613, 42.34616021 ], [ 14.2587086, 42.34614916 ], [ 14.25873876, 42.34612376 ], [ 14.25872248, 42.34611279 ], [ 14.25874744, 42.34609137 ], [ 14.25872114, 42.34607451 ], [ 14.25873095, 42.34606566 ], [ 14.25867017, 42.34602559 ], [ 14.25870042, 42.3459963 ] ] ] } },
{ "type": "Feature", "properties": { "NATIONALCADASTRALREFERENCE": "F196_001500.4032", "ADMINISTRATIVEUNIT": "F196", "codice_istat": "069050", "regione": "Abruzzo", "provincia": "CH", "comune": "Miglianico", "sezione": null, "foglio": "15", "allegato": null, "sviluppo": null, "particella": "4032" }, "geometry": { "type": "Polygon", "coordinates": [ [ [ 14.2648483, 42.34823648 ], [ 14.2653287, 42.34858014 ], [ 14.2654314, 42.34866952 ], [ 14.26540028, 42.34869165 ], [ 14.26513621, 42.34849526 ], [ 14.26481295, 42.34825971 ], [ 14.2648483, 42.34823648 ] ] ] } },
{ "type": "Feature", "properties": { "NATIONALCADASTRALREFERENCE": "F196_001500.4033", "ADMINISTRATIVEUNIT": "F196", "codice_istat": "069050", "regione": "Abruzzo", "provincia": "CH", "comune": "Miglianico", "sezione": null, "foglio": "15", "allegato": null, "sviluppo": null, "particella": "4033" }, "geometry": { "type": "Polygon", "coordinates": [ [ [ 14.26447389, 42.34884566 ], [ 14.26399544, 42.34879184 ], [ 14.26481295, 42.34825971 ], [ 14.26513621, 42.34849526 ], [ 14.26540028, 42.34869165 ], [ 14.26506166, 42.34890897 ], [ 14.26447389, 42.34884566 ] ] ] } },
{ "type": "Feature", "properties": { "NATIONALCADASTRALREFERENCE": "F196_001500.4034", "ADMINISTRATIVEUNIT": "F196", "codice_istat": "069050", "regione": "Abruzzo", "provincia": "CH", "comune": "Miglianico", "sezione": null, "foglio": "15", "allegato": null, "sviluppo": null, "particella": "4034" }, "geometry": { "type": "Polygon", "coordinates": [ [ [ 14.26403301, 42.3475688 ], [ 14.2641308, 42.34760689 ], [ 14.2640944, 42.34763496 ], [ 14.26405925, 42.34760585 ], [ 14.26403301, 42.3475688 ] ] ] } },
{ "type": "Feature", "properties": { "NATIONALCADASTRALREFERENCE": "F196_001500.4035", "ADMINISTRATIVEUNIT": "F196", "codice_istat": "069050", "regione": "Abruzzo", "provincia": "CH", "comune": "Miglianico", "sezione": null, "foglio": "15", "allegato": null, "sviluppo": null, "particella": "4035" }, "geometry": { "type": "Polygon", "coordinates": [ [ [ 14.26072089, 42.34779431 ], [ 14.26144437, 42.34850535 ], [ 14.26140468, 42.34851466 ], [ 14.26067989, 42.3478114 ], [ 14.26072089, 42.34779431 ] ] ] } },
{ "type": "Feature", "properties": { "NATIONALCADASTRALREFERENCE": "F196_001500.4036", "ADMINISTRATIVEUNIT": "F196", "codice_istat": "069050", "regione": "Abruzzo", "provincia": "CH", "comune": "Miglianico", "sezione": null, "foglio": "15", "allegato": null, "sviluppo": null, "particella": "4036" }, "geometry": { "type": "Polygon", "coordinates": [ [ [ 14.26067989, 42.3478114 ], [ 14.26140468, 42.34851466 ], [ 14.26138483, 42.34851932 ], [ 14.26127942, 42.3485243 ], [ 14.26101849, 42.34858809 ], [ 14.26092579, 42.34864077 ], [ 14.26062276, 42.34865599 ], [ 14.26015479, 42.34802389 ], [ 14.26067989, 42.3478114 ] ] ] } },
{ "type": "Feature", "properties": { "NATIONALCADASTRALREFERENCE": "F196_001500.4037", "ADMINISTRATIVEUNIT": "F196", "codice_istat": "069050", "regione": "Abruzzo", "provincia": "CH", "comune": "Miglianico", "sezione": null, "foglio": "15", "allegato": null, "sviluppo": null, "particella": "4037" }, "geometry": { "type": "Polygon", "coordinates": [ [ [ 14.2622249, 42.34551079 ], [ 14.26269091, 42.34590781 ], [ 14.26264637, 42.34593852 ], [ 14.26218718, 42.34553866 ], [ 14.2622249, 42.34551079 ] ] ] } },
{ "type": "Feature", "properties": { "NATIONALCADASTRALREFERENCE": "F196_001500.4038", "ADMINISTRATIVEUNIT": "F196", "codice_istat": "069050", "regione": "Abruzzo", "provincia": "CH", "comune": "Miglianico", "sezione": null, "foglio": "15", "allegato": null, "sviluppo": null, "particella": "4038" }, "geometry": { "type": "Polygon", "coordinates": [ [ [ 14.26249848, 42.3453259 ], [ 14.26296756, 42.34571491 ], [ 14.26269091, 42.34590781 ], [ 14.2622249, 42.34551079 ], [ 14.26249848, 42.3453259 ] ] ] } },
{ "type": "Feature", "properties": { "NATIONALCADASTRALREFERENCE": "F196_001500.4039", "ADMINISTRATIVEUNIT": "F196", "codice_istat": "069050", "regione": "Abruzzo", "provincia": "CH", "comune": "Miglianico", "sezione": null, "foglio": "15", "allegato": null, "sviluppo": null, "particella": "4039" }, "geometry": { "type": "Polygon", "coordinates": [ [ [ 14.26182796, 42.34426268 ], [ 14.26214104, 42.34450101 ], [ 14.26214011, 42.34456653 ], [ 14.26183791, 42.34433271 ], [ 14.26177284, 42.34428227 ], [ 14.26177508, 42.34428126 ], [ 14.26182796, 42.34426268 ] ] ] } },
{ "type": "Feature", "properties": { "NATIONALCADASTRALREFERENCE": "F196_001500.4040", "ADMINISTRATIVEUNIT": "F196", "codice_istat": "069050", "regione": "Abruzzo", "provincia": "CH", "comune": "Miglianico", "sezione": null, "foglio": "15", "allegato": null, "sviluppo": null, "particella": "4040" }, "geometry": { "type": "Polygon", "coordinates": [ [ [ 14.26096756, 42.3444736 ], [ 14.26113099, 42.34454537 ], [ 14.26108322, 42.34457239 ], [ 14.26096756, 42.3444736 ] ] ] } },
{ "type": "Feature", "properties": { "NATIONALCADASTRALREFERENCE": "F196_001500.4042", "ADMINISTRATIVEUNIT": "F196", "codice_istat": "069050", "regione": "Abruzzo", "provincia": "CH", "comune": "Miglianico", "sezione": null, "foglio": "15", "allegato": null, "sviluppo": null, "particella": "4042" }, "geometry": { "type": "Polygon", "coordinates": [ [ [ 14.25654186, 42.34389415 ], [ 14.25669486, 42.34400443 ], [ 14.25665843, 42.34402613 ], [ 14.25650225, 42.34391415 ], [ 14.25654186, 42.34389415 ] ] ] } },
{ "type": "Feature", "properties": { "NATIONALCADASTRALREFERENCE": "F196_001500.4043", "ADMINISTRATIVEUNIT": "F196", "codice_istat": "069050", "regione": "Abruzzo", "provincia": "CH", "comune": "Miglianico", "sezione": null, "foglio": "15", "allegato": null, "sviluppo": null, "particella": "4043" }, "geometry": { "type": "Polygon", "coordinates": [ [ [ 14.25924085, 42.34622113 ], [ 14.25957174, 42.34678315 ], [ 14.25953972, 42.34680419 ], [ 14.25921721, 42.3462315 ], [ 14.25924085, 42.34622113 ] ] ] } },
{ "type": "Feature", "properties": { "NATIONALCADASTRALREFERENCE": "F196_001500.4044", "ADMINISTRATIVEUNIT": "F196", "codice_istat": "069050", "regione": "Abruzzo", "provincia": "CH", "comune": "Miglianico", "sezione": null, "foglio": "15", "allegato": null, "sviluppo": null, "particella": "4044" }, "geometry": { "type": "Polygon", "coordinates": [ [ [ 14.25921721, 42.3462315 ], [ 14.25953972, 42.34680419 ], [ 14.25915234, 42.34704771 ], [ 14.25921721, 42.3462315 ] ] ] } },
{ "type": "Feature", "properties": { "NATIONALCADASTRALREFERENCE": "F196_001500.4045", "ADMINISTRATIVEUNIT": "F196", "codice_istat": "069050", "regione": "Abruzzo", "provincia": "CH", "comune": "Miglianico", "sezione": null, "foglio": "15", "allegato": null, "sviluppo": null, "particella": "4045" }, "geometry": { "type": "Polygon", "coordinates": [ [ [ 14.26284939, 42.34509665 ], [ 14.26299533, 42.34523496 ], [ 14.26329352, 42.34550001 ], [ 14.26327508, 42.34550739 ], [ 14.26312171, 42.34538547 ], [ 14.26281765, 42.34511654 ], [ 14.26284939, 42.34509665 ] ] ] } },
{ "type": "Feature", "properties": { "NATIONALCADASTRALREFERENCE": "F196_001500.4046", "ADMINISTRATIVEUNIT": "F196", "codice_istat": "069050", "regione": "Abruzzo", "provincia": "CH", "comune": "Miglianico", "sezione": null, "foglio": "15", "allegato": null, "sviluppo": null, "particella": "4046" }, "geometry": { "type": "Polygon", "coordinates": [ [ [ 14.25677248, 42.34406721 ], [ 14.25685408, 42.3441356 ], [ 14.25683126, 42.34414721 ], [ 14.25674131, 42.34408734 ], [ 14.25677248, 42.34406721 ] ] ] } },
{ "type": "Feature", "properties": { "NATIONALCADASTRALREFERENCE": "F196_001500.4048", "ADMINISTRATIVEUNIT": "F196", "codice_istat": "069050", "regione": "Abruzzo", "provincia": "CH", "comune": "Miglianico", "sezione": null, "foglio": "15", "allegato": null, "sviluppo": null, "particella": "4048" }, "geometry": { "type": "Polygon", "coordinates": [ [ [ 14.25793373, 42.34502297 ], [ 14.25798548, 42.34499327 ], [ 14.25802202, 42.34502924 ], [ 14.25801136, 42.3450399 ], [ 14.25793373, 42.34502297 ] ] ] } },
{ "type": "Feature", "properties": { "NATIONALCADASTRALREFERENCE": "F196_001500.4049", "ADMINISTRATIVEUNIT": "F196", "codice_istat": "069050", "regione": "Abruzzo", "provincia": "CH", "comune": "Miglianico", "sezione": null, "foglio": "15", "allegato": null, "sviluppo": null, "particella": "4049" }, "geometry": { "type": "Polygon", "coordinates": [ [ [ 14.25797887, 42.34473344 ], [ 14.2581583, 42.3448663 ], [ 14.25811352, 42.3448938 ], [ 14.25811098, 42.34489575 ], [ 14.25796273, 42.34474731 ], [ 14.25797483, 42.34473048 ], [ 14.25797887, 42.34473344 ] ] ] } },
{ "type": "Feature", "properties": { "NATIONALCADASTRALREFERENCE": "F196_001500.4051", "ADMINISTRATIVEUNIT": "F196", "codice_istat": "069050", "regione": "Abruzzo", "provincia": "CH", "comune": "Miglianico", "sezione": null, "foglio": "15", "allegato": null, "sviluppo": null, "particella": "4051" }, "geometry": { "type": "Polygon", "coordinates": [ [ [ 14.2572479, 42.34248346 ], [ 14.25717094, 42.34243431 ], [ 14.25720204, 42.34240639 ], [ 14.25727793, 42.34245532 ], [ 14.2572479, 42.34248346 ] ] ] } },
{ "type": "Feature", "properties": { "NATIONALCADASTRALREFERENCE": "F196_001500.4052", "ADMINISTRATIVEUNIT": "F196", "codice_istat": "069050", "regione": "Abruzzo", "provincia": "CH", "comune": "Miglianico", "sezione": null, "foglio": "15", "allegato": null, "sviluppo": null, "particella": "4052" }, "geometry": { "type": "Polygon", "coordinates": [ [ [ 14.25739242, 42.34361701 ], [ 14.25766361, 42.34339938 ], [ 14.25807648, 42.34306183 ], [ 14.25818798, 42.34294925 ], [ 14.25847002, 42.34302367 ], [ 14.25856407, 42.34304965 ], [ 14.25789879, 42.34358343 ], [ 14.25752701, 42.34362393 ], [ 14.25739348, 42.34369468 ], [ 14.25722089, 42.34381875 ], [ 14.25723859, 42.34377575 ], [ 14.25726209, 42.34374264 ], [ 14.25739242, 42.34361701 ] ] ] } },
{ "type": "Feature", "properties": { "NATIONALCADASTRALREFERENCE": "F196_001500.4053", "ADMINISTRATIVEUNIT": "F196", "codice_istat": "069050", "regione": "Abruzzo", "provincia": "CH", "comune": "Miglianico", "sezione": null, "foglio": "15", "allegato": null, "sviluppo": null, "particella": "4053" }, "geometry": { "type": "Polygon", "coordinates": [ [ [ 14.25722089, 42.34381875 ], [ 14.25739348, 42.34369468 ], [ 14.25752701, 42.34362393 ], [ 14.25789879, 42.34358343 ], [ 14.25817183, 42.34354165 ], [ 14.25813716, 42.34357225 ], [ 14.25774315, 42.34362926 ], [ 14.25790699, 42.34379008 ], [ 14.25786249, 42.34383217 ], [ 14.25714406, 42.34421823 ], [ 14.25708075, 42.34425209 ], [ 14.25701247, 42.34421864 ], [ 14.25686084, 42.34411492 ], [ 14.25722089, 42.34381875 ] ] ] } },
{ "type": "Feature", "properties": { "NATIONALCADASTRALREFERENCE": "F196_001500.4054", "ADMINISTRATIVEUNIT": "F196", "codice_istat": "069050", "regione": "Abruzzo", "provincia": "CH", "comune": "Miglianico", "sezione": null, "foglio": "15", "allegato": null, "sviluppo": null, "particella": "4054" }, "geometry": { "type": "Polygon", "coordinates": [ [ [ 14.25862924, 42.34261184 ], [ 14.25883836, 42.34277622 ], [ 14.25880141, 42.34280082 ], [ 14.25860041, 42.3426345 ], [ 14.25862924, 42.34261184 ] ] ] } },
{ "type": "Feature", "properties": { "NATIONALCADASTRALREFERENCE": "F196_001500.4055", "ADMINISTRATIVEUNIT": "F196", "codice_istat": "069050", "regione": "Abruzzo", "provincia": "CH", "comune": "Miglianico", "sezione": null, "foglio": "15", "allegato": null, "sviluppo": null, "particella": "4055" }, "geometry": { "type": "Polygon", "coordinates": [ [ [ 14.25883836, 42.34277622 ], [ 14.25890174, 42.34282517 ], [ 14.25885932, 42.34284562 ], [ 14.25880141, 42.34280082 ], [ 14.25883836, 42.34277622 ] ] ] } },
{ "type": "Feature", "properties": { "NATIONALCADASTRALREFERENCE": "F196_001500.4056", "ADMINISTRATIVEUNIT": "F196", "codice_istat": "069050", "regione": "Abruzzo", "provincia": "CH", "comune": "Miglianico", "sezione": null, "foglio": "15", "allegato": null, "sviluppo": null, "particella": "4056" }, "geometry": { "type": "Polygon", "coordinates": [ [ [ 14.25818798, 42.34294925 ], [ 14.25856865, 42.34265886 ], [ 14.25860041, 42.3426345 ], [ 14.25880141, 42.34280082 ], [ 14.25847002, 42.34302367 ], [ 14.25818798, 42.34294925 ] ] ] } },
{ "type": "Feature", "properties": { "NATIONALCADASTRALREFERENCE": "F196_001500.4057", "ADMINISTRATIVEUNIT": "F196", "codice_istat": "069050", "regione": "Abruzzo", "provincia": "CH", "comune": "Miglianico", "sezione": null, "foglio": "15", "allegato": null, "sviluppo": null, "particella": "4057" }, "geometry": { "type": "Polygon", "coordinates": [ [ [ 14.25847002, 42.34302367 ], [ 14.25880141, 42.34280082 ], [ 14.25885932, 42.34284562 ], [ 14.2590754, 42.34301809 ], [ 14.25891301, 42.34312654 ], [ 14.25878091, 42.34307722 ], [ 14.25874811, 42.34310165 ], [ 14.25856407, 42.34304965 ], [ 14.25847002, 42.34302367 ] ] ] } },
{ "type": "Feature", "properties": { "NATIONALCADASTRALREFERENCE": "F196_001500.4059", "ADMINISTRATIVEUNIT": "F196", "codice_istat": "069050", "regione": "Abruzzo", "provincia": "CH", "comune": "Miglianico", "sezione": null, "foglio": "15", "allegato": null, "sviluppo": null, "particella": "4059" }, "geometry": { "type": "Polygon", "coordinates": [ [ [ 14.25874276, 42.34252654 ], [ 14.25896379, 42.3426904 ], [ 14.25883836, 42.34277622 ], [ 14.25862924, 42.34261184 ], [ 14.25874276, 42.34252654 ] ] ] } },
{ "type": "Feature", "properties": { "NATIONALCADASTRALREFERENCE": "F196_001500.4060", "ADMINISTRATIVEUNIT": "F196", "codice_istat": "069050", "regione": "Abruzzo", "provincia": "CH", "comune": "Miglianico", "sezione": null, "foglio": "15", "allegato": null, "sviluppo": null, "particella": "4060" }, "geometry": { "type": "Polygon", "coordinates": [ [ [ 14.26134935, 42.34476192 ], [ 14.26173021, 42.345095 ], [ 14.26168941, 42.3451113 ], [ 14.2613159, 42.34478063 ], [ 14.26129737, 42.34478839 ], [ 14.26124788, 42.34474324 ], [ 14.26126352, 42.34473093 ], [ 14.26108322, 42.34457239 ], [ 14.26113099, 42.34454537 ], [ 14.26117, 42.34457834 ], [ 14.26119111, 42.34459619 ], [ 14.26130192, 42.34470958 ], [ 14.26131779, 42.344703 ], [ 14.26136848, 42.34475124 ], [ 14.26134935, 42.34476192 ] ] ] } },
{ "type": "Feature", "properties": { "NATIONALCADASTRALREFERENCE": "F196_001500.4062", "ADMINISTRATIVEUNIT": "F196", "codice_istat": "069050", "regione": "Abruzzo", "provincia": "CH", "comune": "Miglianico", "sezione": null, "foglio": "15", "allegato": null, "sviluppo": null, "particella": "4062" }, "geometry": { "type": "Polygon", "coordinates": [ [ [ 14.26017171, 42.34302321 ], [ 14.26052737, 42.34330441 ], [ 14.2598999, 42.34358491 ], [ 14.25983344, 42.34353473 ], [ 14.25951718, 42.3432899 ], [ 14.25973963, 42.34317527 ], [ 14.2598636, 42.34311105 ], [ 14.25999245, 42.34306923 ], [ 14.26017171, 42.34302321 ] ] ] } },
{ "type": "Feature", "properties": { "NATIONALCADASTRALREFERENCE": "F196_001500.4063", "ADMINISTRATIVEUNIT": "F196", "codice_istat": "069050", "regione": "Abruzzo", "provincia": "CH", "comune": "Miglianico", "sezione": null, "foglio": "15", "allegato": null, "sviluppo": null, "particella": "4063" }, "geometry": { "type": "Polygon", "coordinates": [ [ [ 14.26014294, 42.34300437 ], [ 14.26017171, 42.34302321 ], [ 14.25999245, 42.34306923 ], [ 14.2598636, 42.34311105 ], [ 14.25973963, 42.34317527 ], [ 14.25951718, 42.3432899 ], [ 14.25950788, 42.34328079 ], [ 14.25947875, 42.34325548 ], [ 14.25982528, 42.343091 ], [ 14.26010542, 42.34297981 ], [ 14.26014294, 42.34300437 ] ] ] } },
{ "type": "Feature", "properties": { "NATIONALCADASTRALREFERENCE": "F196_001500.4066", "ADMINISTRATIVEUNIT": "F196", "codice_istat": "069050", "regione": "Abruzzo", "provincia": "CH", "comune": "Miglianico", "sezione": null, "foglio": "15", "allegato": null, "sviluppo": null, "particella": "4066" }, "geometry": { "type": "Polygon", "coordinates": [ [ [ 14.25367701, 42.3468645 ], [ 14.2538362, 42.34690746 ], [ 14.25405383, 42.34696682 ], [ 14.25423666, 42.34700074 ], [ 14.25430275, 42.34701727 ], [ 14.25434031, 42.34703131 ], [ 14.25427625, 42.3471463 ], [ 14.25387379, 42.34706949 ], [ 14.25376108, 42.34738836 ], [ 14.25352843, 42.34734404 ], [ 14.25354551, 42.34726087 ], [ 14.25367701, 42.3468645 ] ] ] } },
{ "type": "Feature", "properties": { "NATIONALCADASTRALREFERENCE": "F196_001500.4067", "ADMINISTRATIVEUNIT": "F196", "codice_istat": "069050", "regione": "Abruzzo", "provincia": "CH", "comune": "Miglianico", "sezione": null, "foglio": "15", "allegato": null, "sviluppo": null, "particella": "4067" }, "geometry": { "type": "Polygon", "coordinates": [ [ [ 14.25348873, 42.34722437 ], [ 14.25364903, 42.34685817 ], [ 14.25367701, 42.3468645 ], [ 14.25354551, 42.34726087 ], [ 14.25352843, 42.34734404 ], [ 14.25350767, 42.34734005 ], [ 14.25349476, 42.34726911 ], [ 14.25348873, 42.34722437 ] ] ] } },
{ "type": "Feature", "properties": { "NATIONALCADASTRALREFERENCE": "F196_001500.4068", "ADMINISTRATIVEUNIT": "F196", "codice_istat": "069050", "regione": "Abruzzo", "provincia": "CH", "comune": "Miglianico", "sezione": null, "foglio": "15", "allegato": null, "sviluppo": null, "particella": "4068" }, "geometry": { "type": "Polygon", "coordinates": [ [ [ 14.25372623, 42.34668543 ], [ 14.25373145, 42.346562 ], [ 14.25384648, 42.34634438 ], [ 14.25396846, 42.34612551 ], [ 14.2540526, 42.34602372 ], [ 14.25406151, 42.34603671 ], [ 14.25400348, 42.34613123 ], [ 14.25399329, 42.34614782 ], [ 14.25400363, 42.34617529 ], [ 14.25393613, 42.34630563 ], [ 14.25376967, 42.3466511 ], [ 14.25376019, 42.34666068 ], [ 14.25372623, 42.34668543 ] ] ] } },
{ "type": "Feature", "properties": { "NATIONALCADASTRALREFERENCE": "F196_001500.4069", "ADMINISTRATIVEUNIT": "F196", "codice_istat": "069050", "regione": "Abruzzo", "provincia": "CH", "comune": "Miglianico", "sezione": null, "foglio": "15", "allegato": null, "sviluppo": null, "particella": "4069" }, "geometry": { "type": "Polygon", "coordinates": [ [ [ 14.25348873, 42.34722437 ], [ 14.25347681, 42.34715057 ], [ 14.25348265, 42.34705998 ], [ 14.25362208, 42.34678426 ], [ 14.25393023, 42.34613402 ], [ 14.25405555, 42.34588367 ], [ 14.25409972, 42.34592253 ], [ 14.25404199, 42.34600817 ], [ 14.2540526, 42.34602372 ], [ 14.25396846, 42.34612551 ], [ 14.25384648, 42.34634438 ], [ 14.25373145, 42.346562 ], [ 14.25372623, 42.34668543 ], [ 14.25371021, 42.34669711 ], [ 14.25364903, 42.34685817 ], [ 14.25348873, 42.34722437 ] ] ] } },
{ "type": "Feature", "properties": { "NATIONALCADASTRALREFERENCE": "F196_001500.4070", "ADMINISTRATIVEUNIT": "F196", "codice_istat": "069050", "regione": "Abruzzo", "provincia": "CH", "comune": "Miglianico", "sezione": null, "foglio": "15", "allegato": null, "sviluppo": null, "particella": "4070" }, "geometry": { "type": "Polygon", "coordinates": [ [ [ 14.25372623, 42.34668543 ], [ 14.25376019, 42.34666068 ], [ 14.25376967, 42.3466511 ], [ 14.25393613, 42.34630563 ], [ 14.25410596, 42.34640327 ], [ 14.2538362, 42.34690746 ], [ 14.25367701, 42.3468645 ], [ 14.25372623, 42.34668543 ] ] ] } },
{ "type": "Feature", "properties": { "NATIONALCADASTRALREFERENCE": "F196_001500.4071", "ADMINISTRATIVEUNIT": "F196", "codice_istat": "069050", "regione": "Abruzzo", "provincia": "CH", "comune": "Miglianico", "sezione": null, "foglio": "15", "allegato": null, "sviluppo": null, "particella": "4071" }, "geometry": { "type": "Polygon", "coordinates": [ [ [ 14.25364903, 42.34685817 ], [ 14.25371021, 42.34669711 ], [ 14.25372623, 42.34668543 ], [ 14.25367701, 42.3468645 ], [ 14.25364903, 42.34685817 ] ] ] } },
{ "type": "Feature", "properties": { "NATIONALCADASTRALREFERENCE": "F196_001500.4073", "ADMINISTRATIVEUNIT": "F196", "codice_istat": "069050", "regione": "Abruzzo", "provincia": "CH", "comune": "Miglianico", "sezione": null, "foglio": "15", "allegato": null, "sviluppo": null, "particella": "4073" }, "geometry": { "type": "Polygon", "coordinates": [ [ [ 14.2540526, 42.34602372 ], [ 14.25404199, 42.34600817 ], [ 14.25409972, 42.34592253 ], [ 14.25411293, 42.34593262 ], [ 14.2540526, 42.34602372 ] ] ] } },
{ "type": "Feature", "properties": { "NATIONALCADASTRALREFERENCE": "F196_001500.4074", "ADMINISTRATIVEUNIT": "F196", "codice_istat": "069050", "regione": "Abruzzo", "provincia": "CH", "comune": "Miglianico", "sezione": null, "foglio": "15", "allegato": null, "sviluppo": null, "particella": "4074" }, "geometry": { "type": "Polygon", "coordinates": [ [ [ 14.254121, 42.34591423 ], [ 14.25414446, 42.34589277 ], [ 14.25446283, 42.34550663 ], [ 14.25456266, 42.34534272 ], [ 14.25467617, 42.34517575 ], [ 14.25494782, 42.34528598 ], [ 14.25430739, 42.34601042 ], [ 14.25414087, 42.34593314 ], [ 14.254121, 42.34591423 ] ] ] } },
{ "type": "Feature", "properties": { "NATIONALCADASTRALREFERENCE": "F196_001500.4075", "ADMINISTRATIVEUNIT": "F196", "codice_istat": "069050", "regione": "Abruzzo", "provincia": "CH", "comune": "Miglianico", "sezione": null, "foglio": "15", "allegato": null, "sviluppo": null, "particella": "4075" }, "geometry": { "type": "Polygon", "coordinates": [ [ [ 14.254121, 42.34591423 ], [ 14.25406769, 42.34586338 ], [ 14.2544207, 42.34544354 ], [ 14.25460082, 42.34514492 ], [ 14.25467617, 42.34517575 ], [ 14.25456266, 42.34534272 ], [ 14.25446283, 42.34550663 ], [ 14.25414446, 42.34589277 ], [ 14.254121, 42.34591423 ] ] ] } },
{ "type": "Feature", "properties": { "NATIONALCADASTRALREFERENCE": "F196_001500.4076", "ADMINISTRATIVEUNIT": "F196", "codice_istat": "069050", "regione": "Abruzzo", "provincia": "CH", "comune": "Miglianico", "sezione": null, "foglio": "15", "allegato": null, "sviluppo": null, "particella": "4076" }, "geometry": { "type": "Polygon", "coordinates": [ [ [ 14.25485149, 42.34489594 ], [ 14.25514035, 42.34500399 ], [ 14.25494782, 42.34528598 ], [ 14.25467617, 42.34517575 ], [ 14.25485149, 42.34489594 ] ] ] } },
{ "type": "Feature", "properties": { "NATIONALCADASTRALREFERENCE": "F196_001500.4077", "ADMINISTRATIVEUNIT": "F196", "codice_istat": "069050", "regione": "Abruzzo", "provincia": "CH", "comune": "Miglianico", "sezione": null, "foglio": "15", "allegato": null, "sviluppo": null, "particella": "4077" }, "geometry": { "type": "Polygon", "coordinates": [ [ [ 14.25460082, 42.34514492 ], [ 14.25469715, 42.34499414 ], [ 14.25478398, 42.34487071 ], [ 14.25485149, 42.34489594 ], [ 14.25467617, 42.34517575 ], [ 14.25460082, 42.34514492 ] ] ] } },
{ "type": "Feature", "properties": { "NATIONALCADASTRALREFERENCE": "F196_001500.4078", "ADMINISTRATIVEUNIT": "F196", "codice_istat": "069050", "regione": "Abruzzo", "provincia": "CH", "comune": "Miglianico", "sezione": null, "foglio": "15", "allegato": null, "sviluppo": null, "particella": "4078" }, "geometry": { "type": "Polygon", "coordinates": [ [ [ 14.25485149, 42.34489594 ], [ 14.2550713, 42.34456058 ], [ 14.25530938, 42.34419823 ], [ 14.25532259, 42.34417965 ], [ 14.25536936, 42.34418326 ], [ 14.25545121, 42.3442216 ], [ 14.25554319, 42.34429063 ], [ 14.2557107, 42.34442476 ], [ 14.2550244, 42.34520416 ], [ 14.25494782, 42.34528598 ], [ 14.25514035, 42.34500399 ], [ 14.25485149, 42.34489594 ] ] ] } },
{ "type": "Feature", "properties": { "NATIONALCADASTRALREFERENCE": "F196_001500.4079", "ADMINISTRATIVEUNIT": "F196", "codice_istat": "069050", "regione": "Abruzzo", "provincia": "CH", "comune": "Miglianico", "sezione": null, "foglio": "15", "allegato": null, "sviluppo": null, "particella": "4079" }, "geometry": { "type": "Polygon", "coordinates": [ [ [ 14.25478398, 42.34487071 ], [ 14.25493352, 42.34465533 ], [ 14.25506192, 42.34450118 ], [ 14.25522625, 42.34430348 ], [ 14.25527029, 42.34417558 ], [ 14.25532259, 42.34417965 ], [ 14.25530938, 42.34419823 ], [ 14.2550713, 42.34456058 ], [ 14.25485149, 42.34489594 ], [ 14.25478398, 42.34487071 ] ] ] } },
{ "type": "Feature", "properties": { "NATIONALCADASTRALREFERENCE": "F196_001500.4080", "ADMINISTRATIVEUNIT": "F196", "codice_istat": "069050", "regione": "Abruzzo", "provincia": "CH", "comune": "Miglianico", "sezione": null, "foglio": "15", "allegato": null, "sviluppo": null, "particella": "4080" }, "geometry": { "type": "Polygon", "coordinates": [ [ [ 14.25532259, 42.34417965 ], [ 14.25586348, 42.34348591 ], [ 14.25597341, 42.34353099 ], [ 14.25650225, 42.34391415 ], [ 14.25592951, 42.34427875 ], [ 14.2557107, 42.34442476 ], [ 14.25554319, 42.34429063 ], [ 14.25545121, 42.3442216 ], [ 14.25536936, 42.34418326 ], [ 14.25532259, 42.34417965 ] ] ] } },
{ "type": "Feature", "properties": { "NATIONALCADASTRALREFERENCE": "F196_001500.4081", "ADMINISTRATIVEUNIT": "F196", "codice_istat": "069050", "regione": "Abruzzo", "provincia": "CH", "comune": "Miglianico", "sezione": null, "foglio": "15", "allegato": null, "sviluppo": null, "particella": "4081" }, "geometry": { "type": "Polygon", "coordinates": [ [ [ 14.25527029, 42.34417558 ], [ 14.25528839, 42.34409825 ], [ 14.25564079, 42.3436969 ], [ 14.25581613, 42.34346651 ], [ 14.25586348, 42.34348591 ], [ 14.25532259, 42.34417965 ], [ 14.25527029, 42.34417558 ] ] ] } },
{ "type": "Feature", "properties": { "NATIONALCADASTRALREFERENCE": "F196_001500.4082", "ADMINISTRATIVEUNIT": "F196", "codice_istat": "069050", "regione": "Abruzzo", "provincia": "CH", "comune": "Miglianico", "sezione": null, "foglio": "15", "allegato": null, "sviluppo": null, "particella": "4082" }, "geometry": { "type": "Polygon", "coordinates": [ [ [ 14.25615227, 42.34361985 ], [ 14.25613913, 42.34361076 ], [ 14.25612111, 42.34359829 ], [ 14.25606281, 42.34354598 ], [ 14.25592396, 42.34348811 ], [ 14.25586042, 42.34344099 ], [ 14.25591719, 42.34336316 ], [ 14.25605244, 42.34320433 ], [ 14.256129, 42.34313064 ], [ 14.25659058, 42.34349016 ], [ 14.25652461, 42.34354003 ], [ 14.25638596, 42.34364274 ], [ 14.25631868, 42.34369191 ], [ 14.25629262, 42.34371721 ], [ 14.25615227, 42.34361985 ] ] ] } },
{ "type": "Feature", "properties": { "NATIONALCADASTRALREFERENCE": "F196_001500.4083", "ADMINISTRATIVEUNIT": "F196", "codice_istat": "069050", "regione": "Abruzzo", "provincia": "CH", "comune": "Miglianico", "sezione": null, "foglio": "15", "allegato": null, "sviluppo": null, "particella": "4083" }, "geometry": { "type": "Polygon", "coordinates": [ [ [ 14.25584431, 42.34342901 ], [ 14.25589778, 42.34334966 ], [ 14.25591719, 42.34336316 ], [ 14.25586042, 42.34344099 ], [ 14.25584431, 42.34342901 ] ] ] } },
{ "type": "Feature", "properties": { "NATIONALCADASTRALREFERENCE": "F196_001500.4085", "ADMINISTRATIVEUNIT": "F196", "codice_istat": "069050", "regione": "Abruzzo", "provincia": "CH", "comune": "Miglianico", "sezione": null, "foglio": "15", "allegato": null, "sviluppo": null, "particella": "4085" }, "geometry": { "type": "Polygon", "coordinates": [ [ [ 14.25589778, 42.34334966 ], [ 14.25601559, 42.34319394 ], [ 14.25607354, 42.34305599 ], [ 14.25618751, 42.34293606 ], [ 14.25630422, 42.34281751 ], [ 14.25645696, 42.3427064 ], [ 14.2565343, 42.34267667 ], [ 14.25661783, 42.34273896 ], [ 14.25652135, 42.34280066 ], [ 14.25624781, 42.34301964 ], [ 14.25615812, 42.34310256 ], [ 14.256129, 42.34313064 ], [ 14.25605244, 42.34320433 ], [ 14.25591719, 42.34336316 ], [ 14.25589778, 42.34334966 ] ] ] } },
{ "type": "Feature", "properties": { "NATIONALCADASTRALREFERENCE": "F196_001500.4086", "ADMINISTRATIVEUNIT": "F196", "codice_istat": "069050", "regione": "Abruzzo", "provincia": "CH", "comune": "Miglianico", "sezione": null, "foglio": "15", "allegato": null, "sviluppo": null, "particella": "4086" }, "geometry": { "type": "Polygon", "coordinates": [ [ [ 14.25701476, 42.34245093 ], [ 14.25722235, 42.34252375 ], [ 14.25735031, 42.34260286 ], [ 14.25739235, 42.34264806 ], [ 14.2575791, 42.3427622 ], [ 14.25718957, 42.34304807 ], [ 14.25710772, 42.34310651 ], [ 14.25661783, 42.34273896 ], [ 14.25701476, 42.34245093 ] ] ] } },
{ "type": "Feature", "properties": { "NATIONALCADASTRALREFERENCE": "F196_001500.4087", "ADMINISTRATIVEUNIT": "F196", "codice_istat": "069050", "regione": "Abruzzo", "provincia": "CH", "comune": "Miglianico", "sezione": null, "foglio": "15", "allegato": null, "sviluppo": null, "particella": "4087" }, "geometry": { "type": "Polygon", "coordinates": [ [ [ 14.2565343, 42.34267667 ], [ 14.25676902, 42.34255865 ], [ 14.25692627, 42.34248052 ], [ 14.25699173, 42.34244284 ], [ 14.25701476, 42.34245093 ], [ 14.25661783, 42.34273896 ], [ 14.2565343, 42.34267667 ] ] ] } },
{ "type": "Feature", "properties": { "NATIONALCADASTRALREFERENCE": "F196_001500.4088", "ADMINISTRATIVEUNIT": "F196", "codice_istat": "069050", "regione": "Abruzzo", "provincia": "CH", "comune": "Miglianico", "sezione": null, "foglio": "15", "allegato": null, "sviluppo": null, "particella": "4088" }, "geometry": { "type": "Polygon", "coordinates": [ [ [ 14.25764699, 42.34208552 ], [ 14.25773354, 42.34204024 ], [ 14.2578534, 42.34197686 ], [ 14.25821753, 42.34232278 ], [ 14.25815735, 42.34237756 ], [ 14.25813287, 42.34239886 ], [ 14.25795259, 42.342287 ], [ 14.25796445, 42.34226857 ], [ 14.25796078, 42.34223966 ], [ 14.25794367, 42.34222037 ], [ 14.25792293, 42.34221224 ], [ 14.25787784, 42.34221303 ], [ 14.25785473, 42.34222502 ], [ 14.25772163, 42.34213736 ], [ 14.25764699, 42.34208552 ] ] ] } },
{ "type": "Feature", "properties": { "NATIONALCADASTRALREFERENCE": "F196_001500.4089", "ADMINISTRATIVEUNIT": "F196", "codice_istat": "069050", "regione": "Abruzzo", "provincia": "CH", "comune": "Miglianico", "sezione": null, "foglio": "15", "allegato": null, "sviluppo": null, "particella": "4089" }, "geometry": { "type": "Polygon", "coordinates": [ [ [ 14.25699173, 42.34244284 ], [ 14.25701207, 42.34243243 ], [ 14.25701476, 42.34245093 ], [ 14.25699173, 42.34244284 ] ] ] } },
{ "type": "Feature", "properties": { "NATIONALCADASTRALREFERENCE": "F196_001500.4090", "ADMINISTRATIVEUNIT": "F196", "codice_istat": "069050", "regione": "Abruzzo", "provincia": "CH", "comune": "Miglianico", "sezione": null, "foglio": "15", "allegato": null, "sviluppo": null, "particella": "4090" }, "geometry": { "type": "Polygon", "coordinates": [ [ [ 14.25714345, 42.34190907 ], [ 14.25725, 42.34201966 ], [ 14.2571971, 42.3420515 ], [ 14.25737966, 42.34222524 ], [ 14.25701207, 42.34243243 ], [ 14.25709518, 42.34185907 ], [ 14.25714345, 42.34190907 ] ] ] } },
{ "type": "Feature", "properties": { "NATIONALCADASTRALREFERENCE": "F196_001500.4091", "ADMINISTRATIVEUNIT": "F196", "codice_istat": "069050", "regione": "Abruzzo", "provincia": "CH", "comune": "Miglianico", "sezione": null, "foglio": "15", "allegato": null, "sviluppo": null, "particella": "4091" }, "geometry": { "type": "Polygon", "coordinates": [ [ [ 14.25705283, 42.34181505 ], [ 14.25709518, 42.34185907 ], [ 14.25701207, 42.34243243 ], [ 14.25699173, 42.34244284 ], [ 14.25702289, 42.34228029 ], [ 14.2569999, 42.34219588 ], [ 14.25701847, 42.34200301 ], [ 14.25705283, 42.34181505 ] ] ] } },
{ "type": "Feature", "properties": { "NATIONALCADASTRALREFERENCE": "F196_001500.41", "ADMINISTRATIVEUNIT": "F196", "codice_istat": "069050", "regione": "Abruzzo", "provincia": "CH", "comune": "Miglianico", "sezione": null, "foglio": "15", "allegato": null, "sviluppo": null, "particella": "41" }, "geometry": { "type": "Polygon", "coordinates": [ [ [ 14.25816569, 42.34527449 ], [ 14.25871428, 42.34567538 ], [ 14.25859989, 42.3458548 ], [ 14.25847443, 42.3458958 ], [ 14.25841616, 42.34581943 ], [ 14.25807668, 42.34538951 ], [ 14.25816569, 42.34527449 ] ] ] } },
{ "type": "Feature", "properties": { "NATIONALCADASTRALREFERENCE": "F196_001500.4110", "ADMINISTRATIVEUNIT": "F196", "codice_istat": "069050", "regione": "Abruzzo", "provincia": "CH", "comune": "Miglianico", "sezione": null, "foglio": "15", "allegato": null, "sviluppo": null, "particella": "4110" }, "geometry": { "type": "Polygon", "coordinates": [ [ [ 14.25676282, 42.34166703 ], [ 14.25690008, 42.34166472 ], [ 14.25704226, 42.34166486 ], [ 14.25703836, 42.34168148 ], [ 14.25699999, 42.34172198 ], [ 14.25692164, 42.34207343 ], [ 14.25664844, 42.34216207 ], [ 14.25676282, 42.34166703 ] ] ] } },
{ "type": "Feature", "properties": { "NATIONALCADASTRALREFERENCE": "F196_001500.4111", "ADMINISTRATIVEUNIT": "F196", "codice_istat": "069050", "regione": "Abruzzo", "provincia": "CH", "comune": "Miglianico", "sezione": null, "foglio": "15", "allegato": null, "sviluppo": null, "particella": "4111" }, "geometry": { "type": "Polygon", "coordinates": [ [ [ 14.25692164, 42.34207343 ], [ 14.25699999, 42.34172198 ], [ 14.25703836, 42.34168148 ], [ 14.25700346, 42.34182961 ], [ 14.25695485, 42.34206285 ], [ 14.25692164, 42.34207343 ] ] ] } },
{ "type": "Feature", "properties": { "NATIONALCADASTRALREFERENCE": "F196_001500.4112", "ADMINISTRATIVEUNIT": "F196", "codice_istat": "069050", "regione": "Abruzzo", "provincia": "CH", "comune": "Miglianico", "sezione": null, "foglio": "15", "allegato": null, "sviluppo": null, "particella": "4112" }, "geometry": { "type": "Polygon", "coordinates": [ [ [ 14.25664844, 42.34216207 ], [ 14.25692164, 42.34207343 ], [ 14.25689853, 42.34217285 ], [ 14.25688221, 42.34234086 ], [ 14.25686082, 42.34239839 ], [ 14.25682526, 42.34245023 ], [ 14.25677039, 42.34250511 ], [ 14.2567196, 42.34254212 ], [ 14.25666147, 42.34257223 ], [ 14.25664844, 42.34216207 ] ] ] } },
{ "type": "Feature", "properties": { "NATIONALCADASTRALREFERENCE": "F196_001500.4113", "ADMINISTRATIVEUNIT": "F196", "codice_istat": "069050", "regione": "Abruzzo", "provincia": "CH", "comune": "Miglianico", "sezione": null, "foglio": "15", "allegato": null, "sviluppo": null, "particella": "4113" }, "geometry": { "type": "Polygon", "coordinates": [ [ [ 14.25692164, 42.34207343 ], [ 14.25695485, 42.34206285 ], [ 14.25695097, 42.34215225 ], [ 14.25695917, 42.34227276 ], [ 14.25693981, 42.34239371 ], [ 14.25685925, 42.34247439 ], [ 14.25679642, 42.34250247 ], [ 14.2567196, 42.34254212 ], [ 14.25677039, 42.34250511 ], [ 14.25682526, 42.34245023 ], [ 14.25686082, 42.34239839 ], [ 14.25688221, 42.34234086 ], [ 14.25689853, 42.34217285 ], [ 14.25692164, 42.34207343 ] ] ] } },
{ "type": "Feature", "properties": { "NATIONALCADASTRALREFERENCE": "F196_001500.4114", "ADMINISTRATIVEUNIT": "F196", "codice_istat": "069050", "regione": "Abruzzo", "provincia": "CH", "comune": "Miglianico", "sezione": null, "foglio": "15", "allegato": null, "sviluppo": null, "particella": "4114" }, "geometry": { "type": "Polygon", "coordinates": [ [ [ 14.25586042, 42.34344099 ], [ 14.25592396, 42.34348811 ], [ 14.25584948, 42.3434569 ], [ 14.25586042, 42.34344099 ] ] ] } },
{ "type": "Feature", "properties": { "NATIONALCADASTRALREFERENCE": "F196_001500.4115", "ADMINISTRATIVEUNIT": "F196", "codice_istat": "069050", "regione": "Abruzzo", "provincia": "CH", "comune": "Miglianico", "sezione": null, "foglio": "15", "allegato": null, "sviluppo": null, "particella": "4115" }, "geometry": { "type": "Polygon", "coordinates": [ [ [ 14.25584431, 42.34342901 ], [ 14.25586042, 42.34344099 ], [ 14.25584948, 42.3434569 ], [ 14.25582819, 42.34344798 ], [ 14.25584431, 42.34342901 ] ] ] } },
{ "type": "Feature", "properties": { "NATIONALCADASTRALREFERENCE": "F196_001500.4117", "ADMINISTRATIVEUNIT": "F196", "codice_istat": "069050", "regione": "Abruzzo", "provincia": "CH", "comune": "Miglianico", "sezione": null, "foglio": "15", "allegato": null, "sviluppo": null, "particella": "4117" }, "geometry": { "type": "Polygon", "coordinates": [ [ [ 14.25942147, 42.34375879 ], [ 14.2595011, 42.34382516 ], [ 14.25925081, 42.34399442 ], [ 14.25912732, 42.34407795 ], [ 14.25902342, 42.34403844 ], [ 14.25897062, 42.34404665 ], [ 14.25939288, 42.34373496 ], [ 14.25942147, 42.34375879 ] ] ] } },
{ "type": "Feature", "properties": { "NATIONALCADASTRALREFERENCE": "F196_001500.4118", "ADMINISTRATIVEUNIT": "F196", "codice_istat": "069050", "regione": "Abruzzo", "provincia": "CH", "comune": "Miglianico", "sezione": null, "foglio": "15", "allegato": null, "sviluppo": null, "particella": "4118" }, "geometry": { "type": "Polygon", "coordinates": [ [ [ 14.25919803, 42.34357255 ], [ 14.25939288, 42.34373496 ], [ 14.25897062, 42.34404665 ], [ 14.25879812, 42.34407348 ], [ 14.25869996, 42.34407542 ], [ 14.25859377, 42.34405064 ], [ 14.25872601, 42.34383246 ], [ 14.25879952, 42.343747 ], [ 14.2588823, 42.34369112 ], [ 14.25895674, 42.3436488 ], [ 14.25919803, 42.34357255 ] ], [ [ 14.25913611, 42.34375976 ], [ 14.25921226, 42.34370196 ], [ 14.25911486, 42.34362925 ], [ 14.25900381, 42.34371249 ], [ 14.25904545, 42.343746 ], [ 14.25902479, 42.3437613 ], [ 14.25910724, 42.3438192 ], [ 14.25916102, 42.34377889 ], [ 14.25913611, 42.34375976 ] ] ] } },
{ "type": "Feature", "properties": { "NATIONALCADASTRALREFERENCE": "F196_001500.4119", "ADMINISTRATIVEUNIT": "F196", "codice_istat": "069050", "regione": "Abruzzo", "provincia": "CH", "comune": "Miglianico", "sezione": null, "foglio": "15", "allegato": null, "sviluppo": null, "particella": "4119" }, "geometry": { "type": "Polygon", "coordinates": [ [ [ 14.25971944, 42.34399532 ], [ 14.25944952, 42.3441807 ], [ 14.25925081, 42.34399442 ], [ 14.2595011, 42.34382516 ], [ 14.25971944, 42.34399532 ] ] ] } },
{ "type": "Feature", "properties": { "NATIONALCADASTRALREFERENCE": "F196_001500.4120", "ADMINISTRATIVEUNIT": "F196", "codice_istat": "069050", "regione": "Abruzzo", "provincia": "CH", "comune": "Miglianico", "sezione": null, "foglio": "15", "allegato": null, "sviluppo": null, "particella": "4120" }, "geometry": { "type": "Polygon", "coordinates": [ [ [ 14.25912732, 42.34407795 ], [ 14.25925081, 42.34399442 ], [ 14.25944952, 42.3441807 ], [ 14.25930675, 42.34428393 ], [ 14.25912732, 42.34407795 ] ] ] } },
{ "type": "Feature", "properties": { "NATIONALCADASTRALREFERENCE": "F196_001500.4121", "ADMINISTRATIVEUNIT": "F196", "codice_istat": "069050", "regione": "Abruzzo", "provincia": "CH", "comune": "Miglianico", "sezione": null, "foglio": "15", "allegato": null, "sviluppo": null, "particella": "4121" }, "geometry": { "type": "Polygon", "coordinates": [ [ [ 14.25985209, 42.34409493 ], [ 14.25966072, 42.34422302 ], [ 14.25956392, 42.34428889 ], [ 14.25944952, 42.3441807 ], [ 14.25971944, 42.34399532 ], [ 14.25985209, 42.34409493 ] ] ] } },
{ "type": "Feature", "properties": { "NATIONALCADASTRALREFERENCE": "F196_001500.4122", "ADMINISTRATIVEUNIT": "F196", "codice_istat": "069050", "regione": "Abruzzo", "provincia": "CH", "comune": "Miglianico", "sezione": null, "foglio": "15", "allegato": null, "sviluppo": null, "particella": "4122" }, "geometry": { "type": "Polygon", "coordinates": [ [ [ 14.25930675, 42.34428393 ], [ 14.25944952, 42.3441807 ], [ 14.25956392, 42.34428889 ], [ 14.25947829, 42.34434716 ], [ 14.25942676, 42.34437974 ], [ 14.25930675, 42.34428393 ] ] ] } },
{ "type": "Feature", "properties": { "NATIONALCADASTRALREFERENCE": "F196_001500.4124", "ADMINISTRATIVEUNIT": "F196", "codice_istat": "069050", "regione": "Abruzzo", "provincia": "CH", "comune": "Miglianico", "sezione": null, "foglio": "15", "allegato": null, "sviluppo": null, "particella": "4124" }, "geometry": { "type": "Polygon", "coordinates": [ [ [ 14.25376108, 42.34738836 ], [ 14.25387379, 42.34706949 ], [ 14.25427625, 42.3471463 ], [ 14.25411168, 42.3474476 ], [ 14.25399575, 42.34742157 ], [ 14.25381137, 42.34739791 ], [ 14.25376108, 42.34738836 ] ] ] } },
{ "type": "Feature", "properties": { "NATIONALCADASTRALREFERENCE": "F196_001500.4125", "ADMINISTRATIVEUNIT": "F196", "codice_istat": "069050", "regione": "Abruzzo", "provincia": "CH", "comune": "Miglianico", "sezione": null, "foglio": "15", "allegato": null, "sviluppo": null, "particella": "4125" }, "geometry": { "type": "Polygon", "coordinates": [ [ [ 14.25842931, 42.34615357 ], [ 14.25841202, 42.34614237 ], [ 14.25848045, 42.34607819 ], [ 14.25855346, 42.3461233 ], [ 14.25851603, 42.34615602 ], [ 14.25848196, 42.34618763 ], [ 14.25847208, 42.34619725 ], [ 14.25841952, 42.34616282 ], [ 14.25842931, 42.34615357 ] ] ] } },
{ "type": "Feature", "properties": { "NATIONALCADASTRALREFERENCE": "F196_001500.4126", "ADMINISTRATIVEUNIT": "F196", "codice_istat": "069050", "regione": "Abruzzo", "provincia": "CH", "comune": "Miglianico", "sezione": null, "foglio": "15", "allegato": null, "sviluppo": null, "particella": "4126" }, "geometry": { "type": "Polygon", "coordinates": [ [ [ 14.25908971, 42.34600034 ], [ 14.25912263, 42.3459863 ], [ 14.2591647, 42.34606286 ], [ 14.25919842, 42.34612392 ], [ 14.25924085, 42.34622113 ], [ 14.25921721, 42.3462315 ], [ 14.25889001, 42.3463438 ], [ 14.25886599, 42.34627794 ], [ 14.25881304, 42.3461411 ], [ 14.25885472, 42.34612114 ], [ 14.25886213, 42.34611757 ], [ 14.25901117, 42.34603682 ], [ 14.25903444, 42.34602516 ], [ 14.25905628, 42.34601383 ], [ 14.25908971, 42.34600034 ] ] ] } },
{ "type": "Feature", "properties": { "NATIONALCADASTRALREFERENCE": "F196_001500.4128", "ADMINISTRATIVEUNIT": "F196", "codice_istat": "069050", "regione": "Abruzzo", "provincia": "CH", "comune": "Miglianico", "sezione": null, "foglio": "15", "allegato": null, "sviluppo": null, "particella": "4128" }, "geometry": { "type": "Polygon", "coordinates": [ [ [ 14.25431829, 42.34633266 ], [ 14.25439401, 42.34622207 ], [ 14.25526967, 42.34672506 ], [ 14.25532554, 42.34675104 ], [ 14.25508628, 42.34688737 ], [ 14.25505486, 42.34691627 ], [ 14.255022, 42.34694766 ], [ 14.2547436, 42.34677919 ], [ 14.25449974, 42.34663699 ], [ 14.25436054, 42.34655395 ], [ 14.25428486, 42.34650848 ], [ 14.25422143, 42.34646973 ], [ 14.25431829, 42.34633266 ] ] ] } },
{ "type": "Feature", "properties": { "NATIONALCADASTRALREFERENCE": "F196_001500.4129", "ADMINISTRATIVEUNIT": "F196", "codice_istat": "069050", "regione": "Abruzzo", "provincia": "CH", "comune": "Miglianico", "sezione": null, "foglio": "15", "allegato": null, "sviluppo": null, "particella": "4129" }, "geometry": { "type": "Polygon", "coordinates": [ [ [ 14.25399329, 42.34614782 ], [ 14.25400348, 42.34613123 ], [ 14.25418514, 42.34618368 ], [ 14.25429979, 42.34627621 ], [ 14.25429706, 42.34632536 ], [ 14.25421364, 42.34646525 ], [ 14.25410596, 42.34640327 ], [ 14.25393613, 42.34630563 ], [ 14.25400363, 42.34617529 ], [ 14.25399329, 42.34614782 ] ], [ [ 14.25425116, 42.34631077 ], [ 14.25413953, 42.34627501 ], [ 14.25414322, 42.3462687 ], [ 14.25416537, 42.34623083 ], [ 14.25416107, 42.34622946 ], [ 14.25404943, 42.34619397 ], [ 14.25397776, 42.34631354 ], [ 14.25397147, 42.34632395 ], [ 14.25422387, 42.34640546 ], [ 14.25427536, 42.34631853 ], [ 14.25425116, 42.34631077 ] ] ] } },
{ "type": "Feature", "properties": { "NATIONALCADASTRALREFERENCE": "F196_001500.4130", "ADMINISTRATIVEUNIT": "F196", "codice_istat": "069050", "regione": "Abruzzo", "provincia": "CH", "comune": "Miglianico", "sezione": null, "foglio": "15", "allegato": null, "sviluppo": null, "particella": "4130" }, "geometry": { "type": "Polygon", "coordinates": [ [ [ 14.25427536, 42.34631853 ], [ 14.25422387, 42.34640546 ], [ 14.25397147, 42.34632395 ], [ 14.25397776, 42.34631354 ], [ 14.25404943, 42.34619397 ], [ 14.25416107, 42.34622946 ], [ 14.25416537, 42.34623083 ], [ 14.25414322, 42.3462687 ], [ 14.25413953, 42.34627501 ], [ 14.25425116, 42.34631077 ], [ 14.25427536, 42.34631853 ] ] ] } },
{ "type": "Feature", "properties": { "NATIONALCADASTRALREFERENCE": "F196_001500.4131", "ADMINISTRATIVEUNIT": "F196", "codice_istat": "069050", "regione": "Abruzzo", "provincia": "CH", "comune": "Miglianico", "sezione": null, "foglio": "15", "allegato": null, "sviluppo": null, "particella": "4131" }, "geometry": { "type": "Polygon", "coordinates": [ [ [ 14.2542958, 42.34617922 ], [ 14.25438794, 42.34621934 ], [ 14.25435663, 42.34626046 ], [ 14.2543529, 42.34625885 ], [ 14.25426373, 42.34622018 ], [ 14.25429274, 42.34618314 ], [ 14.2542958, 42.34617922 ] ] ] } },
{ "type": "Feature", "properties": { "NATIONALCADASTRALREFERENCE": "F196_001500.4133", "ADMINISTRATIVEUNIT": "F196", "codice_istat": "069050", "regione": "Abruzzo", "provincia": "CH", "comune": "Miglianico", "sezione": null, "foglio": "15", "allegato": null, "sviluppo": null, "particella": "4133" }, "geometry": { "type": "Polygon", "coordinates": [ [ [ 14.26009771, 42.3437384 ], [ 14.2598999, 42.34358491 ], [ 14.26052737, 42.34330441 ], [ 14.26072223, 42.34345534 ], [ 14.26009771, 42.3437384 ] ] ] } },
{ "type": "Feature", "properties": { "NATIONALCADASTRALREFERENCE": "F196_001500.4137", "ADMINISTRATIVEUNIT": "F196", "codice_istat": "069050", "regione": "Abruzzo", "provincia": "CH", "comune": "Miglianico", "sezione": null, "foglio": "15", "allegato": null, "sviluppo": null, "particella": "4137" }, "geometry": { "type": "Polygon", "coordinates": [ [ [ 14.25881304, 42.3461411 ], [ 14.25879584, 42.34611866 ], [ 14.25883386, 42.34609724 ], [ 14.25885472, 42.34612114 ], [ 14.25881304, 42.3461411 ] ] ] } },
{ "type": "Feature", "properties": { "NATIONALCADASTRALREFERENCE": "F196_001500.4138", "ADMINISTRATIVEUNIT": "F196", "codice_istat": "069050", "regione": "Abruzzo", "provincia": "CH", "comune": "Miglianico", "sezione": null, "foglio": "15", "allegato": null, "sviluppo": null, "particella": "4138" }, "geometry": { "type": "Polygon", "coordinates": [ [ [ 14.25883826, 42.34608691 ], [ 14.25886213, 42.34611757 ], [ 14.25885472, 42.34612114 ], [ 14.25883386, 42.34609724 ], [ 14.25879584, 42.34611866 ], [ 14.25878937, 42.34611023 ], [ 14.25880508, 42.34610202 ], [ 14.25883826, 42.34608691 ] ] ] } },
{ "type": "Feature", "properties": { "NATIONALCADASTRALREFERENCE": "F196_001500.4139", "ADMINISTRATIVEUNIT": "F196", "codice_istat": "069050", "regione": "Abruzzo", "provincia": "CH", "comune": "Miglianico", "sezione": null, "foglio": "15", "allegato": null, "sviluppo": null, "particella": "4139" }, "geometry": { "type": "Polygon", "coordinates": [ [ [ 14.25882077, 42.34225814 ], [ 14.25849903, 42.34250313 ], [ 14.25843678, 42.34244839 ], [ 14.2582504, 42.34229717 ], [ 14.25828595, 42.34226667 ], [ 14.25851573, 42.34206843 ], [ 14.25853235, 42.34205342 ], [ 14.2585423, 42.34204443 ], [ 14.25871277, 42.34189025 ], [ 14.25873071, 42.34187843 ], [ 14.25895224, 42.34203318 ], [ 14.25902912, 42.34209097 ], [ 14.25901562, 42.34210059 ], [ 14.25882077, 42.34225814 ] ] ] } },
{ "type": "Feature", "properties": { "NATIONALCADASTRALREFERENCE": "F196_001500.4140", "ADMINISTRATIVEUNIT": "F196", "codice_istat": "069050", "regione": "Abruzzo", "provincia": "CH", "comune": "Miglianico", "sezione": null, "foglio": "15", "allegato": null, "sviluppo": null, "particella": "4140" }, "geometry": { "type": "Polygon", "coordinates": [ [ [ 14.25855373, 42.34617941 ], [ 14.25851603, 42.34615602 ], [ 14.25855346, 42.3461233 ], [ 14.25863973, 42.34617863 ], [ 14.25860107, 42.34620891 ], [ 14.25858947, 42.34622057 ], [ 14.2585733, 42.34621035 ], [ 14.25854954, 42.34623317 ], [ 14.25851789, 42.34621277 ], [ 14.25855373, 42.34617941 ] ] ] } },
{ "type": "Feature", "properties": { "NATIONALCADASTRALREFERENCE": "F196_001500.4142", "ADMINISTRATIVEUNIT": "F196", "codice_istat": "069050", "regione": "Abruzzo", "provincia": "CH", "comune": "Miglianico", "sezione": null, "foglio": "15", "allegato": null, "sviluppo": null, "particella": "4142" }, "geometry": { "type": "Polygon", "coordinates": [ [ [ 14.25863973, 42.34617863 ], [ 14.25866916, 42.34619805 ], [ 14.25864143, 42.34621995 ], [ 14.25863321, 42.3462134 ], [ 14.25858655, 42.34625112 ], [ 14.25856336, 42.34624297 ], [ 14.25854954, 42.34623317 ], [ 14.2585733, 42.34621035 ], [ 14.25858947, 42.34622057 ], [ 14.25860107, 42.34620891 ], [ 14.25863973, 42.34617863 ] ] ] } },
{ "type": "Feature", "properties": { "NATIONALCADASTRALREFERENCE": "F196_001500.4144", "ADMINISTRATIVEUNIT": "F196", "codice_istat": "069050", "regione": "Abruzzo", "provincia": "CH", "comune": "Miglianico", "sezione": null, "foglio": "15", "allegato": null, "sviluppo": null, "particella": "4144" }, "geometry": { "type": "Polygon", "coordinates": [ [ [ 14.2583909, 42.34602281 ], [ 14.25832808, 42.34608955 ], [ 14.25828434, 42.34612988 ], [ 14.2582295, 42.34617912 ], [ 14.25807755, 42.34609582 ], [ 14.25825245, 42.34594789 ], [ 14.2583909, 42.34602281 ] ] ] } },
{ "type": "Feature", "properties": { "NATIONALCADASTRALREFERENCE": "F196_001500.4145", "ADMINISTRATIVEUNIT": "F196", "codice_istat": "069050", "regione": "Abruzzo", "provincia": "CH", "comune": "Miglianico", "sezione": null, "foglio": "15", "allegato": null, "sviluppo": null, "particella": "4145" }, "geometry": { "type": "Polygon", "coordinates": [ [ [ 14.25627667, 42.34480078 ], [ 14.25646955, 42.34488015 ], [ 14.2565278, 42.34490392 ], [ 14.25640723, 42.34500411 ], [ 14.25620323, 42.34487197 ], [ 14.25614572, 42.34482583 ], [ 14.25610539, 42.34478884 ], [ 14.25603971, 42.34473361 ], [ 14.25604187, 42.34469096 ], [ 14.25607435, 42.34467262 ], [ 14.25611406, 42.34464191 ], [ 14.2561563, 42.34461309 ], [ 14.25624245, 42.34468018 ], [ 14.2562696, 42.34470133 ], [ 14.25628932, 42.34471421 ], [ 14.25633326, 42.34474438 ], [ 14.25627667, 42.34480078 ] ] ] } },
{ "type": "Feature", "properties": { "NATIONALCADASTRALREFERENCE": "F196_001500.4147", "ADMINISTRATIVEUNIT": "F196", "codice_istat": "069050", "regione": "Abruzzo", "provincia": "CH", "comune": "Miglianico", "sezione": null, "foglio": "15", "allegato": null, "sviluppo": null, "particella": "4147" }, "geometry": { "type": "Polygon", "coordinates": [ [ [ 14.26000444, 42.34291125 ], [ 14.2600416, 42.34294197 ], [ 14.25994921, 42.34298161 ], [ 14.25997281, 42.34295885 ], [ 14.25998606, 42.3429433 ], [ 14.26000161, 42.34291785 ], [ 14.26000444, 42.34291125 ] ] ] } },
{ "type": "Feature", "properties": { "NATIONALCADASTRALREFERENCE": "F196_001500.4149", "ADMINISTRATIVEUNIT": "F196", "codice_istat": "069050", "regione": "Abruzzo", "provincia": "CH", "comune": "Miglianico", "sezione": null, "foglio": "15", "allegato": null, "sviluppo": null, "particella": "4149" }, "geometry": { "type": "Polygon", "coordinates": [ [ [ 14.25982528, 42.343091 ], [ 14.25947875, 42.34325548 ], [ 14.25946019, 42.3432416 ], [ 14.25987469, 42.34303106 ], [ 14.2599045, 42.34301512 ], [ 14.25993914, 42.34299137 ], [ 14.25994921, 42.34298161 ], [ 14.2600416, 42.34294197 ], [ 14.26010542, 42.34297981 ], [ 14.25982528, 42.343091 ] ] ] } },
{ "type": "Feature", "properties": { "NATIONALCADASTRALREFERENCE": "F196_001500.4158", "ADMINISTRATIVEUNIT": "F196", "codice_istat": "069050", "regione": "Abruzzo", "provincia": "CH", "comune": "Miglianico", "sezione": null, "foglio": "15", "allegato": null, "sviluppo": null, "particella": "4158" }, "geometry": { "type": "Polygon", "coordinates": [ [ [ 14.26119111, 42.34459619 ], [ 14.26117, 42.34457834 ], [ 14.2612535, 42.34454116 ], [ 14.26131154, 42.34451666 ], [ 14.26185146, 42.34504489 ], [ 14.2618405, 42.3450494 ], [ 14.26173021, 42.345095 ], [ 14.26134935, 42.34476192 ], [ 14.26136848, 42.34475124 ], [ 14.26131779, 42.344703 ], [ 14.26130192, 42.34470958 ], [ 14.26119111, 42.34459619 ] ] ] } },
{ "type": "Feature", "properties": { "NATIONALCADASTRALREFERENCE": "F196_001500.4159", "ADMINISTRATIVEUNIT": "F196", "codice_istat": "069050", "regione": "Abruzzo", "provincia": "CH", "comune": "Miglianico", "sezione": null, "foglio": "15", "allegato": null, "sviluppo": null, "particella": "4159" }, "geometry": { "type": "Polygon", "coordinates": [ [ [ 14.26117, 42.34457834 ], [ 14.26113099, 42.34454537 ], [ 14.26122456, 42.34451354 ], [ 14.26138416, 42.34443845 ], [ 14.26151864, 42.34437657 ], [ 14.26170737, 42.34428826 ], [ 14.26172569, 42.34427725 ], [ 14.26173393, 42.34427032 ], [ 14.26174153, 42.34425777 ], [ 14.26176153, 42.34427351 ], [ 14.26177284, 42.34428227 ], [ 14.26129524, 42.34450077 ], [ 14.26131154, 42.34451666 ], [ 14.2612535, 42.34454116 ], [ 14.26117, 42.34457834 ] ] ] } },
{ "type": "Feature", "properties": { "NATIONALCADASTRALREFERENCE": "F196_001500.4160", "ADMINISTRATIVEUNIT": "F196", "codice_istat": "069050", "regione": "Abruzzo", "provincia": "CH", "comune": "Miglianico", "sezione": null, "foglio": "15", "allegato": null, "sviluppo": null, "particella": "4160" }, "geometry": { "type": "Polygon", "coordinates": [ [ [ 14.26214011, 42.34456653 ], [ 14.2621376, 42.34473301 ], [ 14.26193597, 42.34501016 ], [ 14.26185146, 42.34504489 ], [ 14.26131154, 42.34451666 ], [ 14.26148931, 42.34444159 ], [ 14.26165472, 42.3443736 ], [ 14.26175685, 42.34433915 ], [ 14.26178904, 42.34433314 ], [ 14.26181391, 42.34433175 ], [ 14.26183791, 42.34433271 ], [ 14.26214011, 42.34456653 ] ] ] } },
{ "type": "Feature", "properties": { "NATIONALCADASTRALREFERENCE": "F196_001500.4161", "ADMINISTRATIVEUNIT": "F196", "codice_istat": "069050", "regione": "Abruzzo", "provincia": "CH", "comune": "Miglianico", "sezione": null, "foglio": "15", "allegato": null, "sviluppo": null, "particella": "4161" }, "geometry": { "type": "Polygon", "coordinates": [ [ [ 14.26177284, 42.34428227 ], [ 14.26183791, 42.34433271 ], [ 14.26181391, 42.34433175 ], [ 14.26178904, 42.34433314 ], [ 14.26175685, 42.34433915 ], [ 14.26165472, 42.3443736 ], [ 14.26148931, 42.34444159 ], [ 14.26131154, 42.34451666 ], [ 14.26129524, 42.34450077 ], [ 14.26177284, 42.34428227 ] ] ] } },
{ "type": "Feature", "properties": { "NATIONALCADASTRALREFERENCE": "F196_001500.4162", "ADMINISTRATIVEUNIT": "F196", "codice_istat": "069050", "regione": "Abruzzo", "provincia": "CH", "comune": "Miglianico", "sezione": null, "foglio": "15", "allegato": null, "sviluppo": null, "particella": "4162" }, "geometry": { "type": "Polygon", "coordinates": [ [ [ 14.26083325, 42.34354274 ], [ 14.26174153, 42.34425777 ], [ 14.26173393, 42.34427032 ], [ 14.26172569, 42.34427725 ], [ 14.26170737, 42.34428826 ], [ 14.26151864, 42.34437657 ], [ 14.26138416, 42.34443845 ], [ 14.26122456, 42.34451354 ], [ 14.26113099, 42.34454537 ], [ 14.26048796, 42.34404115 ], [ 14.26036492, 42.34394344 ], [ 14.26083325, 42.34354274 ] ], [ [ 14.26107197, 42.34388759 ], [ 14.26081817, 42.34369187 ], [ 14.26075439, 42.34373367 ], [ 14.26073399, 42.34374705 ], [ 14.26064723, 42.34380394 ], [ 14.26062492, 42.34381571 ], [ 14.26087145, 42.34402547 ], [ 14.26088448, 42.34401166 ], [ 14.26089956, 42.34402429 ], [ 14.26102194, 42.3439375 ], [ 14.26100875, 42.34392666 ], [ 14.26107197, 42.34388759 ] ] ] } },
{ "type": "Feature", "properties": { "NATIONALCADASTRALREFERENCE": "F196_001500.4163", "ADMINISTRATIVEUNIT": "F196", "codice_istat": "069050", "regione": "Abruzzo", "provincia": "CH", "comune": "Miglianico", "sezione": null, "foglio": "15", "allegato": null, "sviluppo": null, "particella": "4163" }, "geometry": { "type": "Polygon", "coordinates": [ [ [ 14.26072223, 42.34345534 ], [ 14.26083325, 42.34354274 ], [ 14.26036492, 42.34394344 ], [ 14.26009771, 42.3437384 ], [ 14.26072223, 42.34345534 ] ] ] } },
{ "type": "Feature", "properties": { "NATIONALCADASTRALREFERENCE": "F196_001500.4164", "ADMINISTRATIVEUNIT": "F196", "codice_istat": "069050", "regione": "Abruzzo", "provincia": "CH", "comune": "Miglianico", "sezione": null, "foglio": "15", "allegato": null, "sviluppo": null, "particella": "4164" }, "geometry": { "type": "Polygon", "coordinates": [ [ [ 14.25406151, 42.34603671 ], [ 14.2540526, 42.34602372 ], [ 14.25411293, 42.34593262 ], [ 14.25453481, 42.34615274 ], [ 14.25481343, 42.34630608 ], [ 14.25510445, 42.3464831 ], [ 14.2552477, 42.34656856 ], [ 14.25532357, 42.34659935 ], [ 14.25528588, 42.34670358 ], [ 14.25534059, 42.34674332 ], [ 14.25532554, 42.34675104 ], [ 14.25526967, 42.34672506 ], [ 14.25439401, 42.34622207 ], [ 14.25406151, 42.34603671 ] ] ] } },
{ "type": "Feature", "properties": { "NATIONALCADASTRALREFERENCE": "F196_001500.4165", "ADMINISTRATIVEUNIT": "F196", "codice_istat": "069050", "regione": "Abruzzo", "provincia": "CH", "comune": "Miglianico", "sezione": null, "foglio": "15", "allegato": null, "sviluppo": null, "particella": "4165" }, "geometry": { "type": "Polygon", "coordinates": [ [ [ 14.25963699, 42.34272445 ], [ 14.25965542, 42.34271264 ], [ 14.25971666, 42.34267336 ], [ 14.26000444, 42.34291125 ], [ 14.26000161, 42.34291785 ], [ 14.25998606, 42.3429433 ], [ 14.25997281, 42.34295885 ], [ 14.25994921, 42.34298161 ], [ 14.25993914, 42.34299137 ], [ 14.2599045, 42.34301512 ], [ 14.25987469, 42.34303106 ], [ 14.25946019, 42.3432416 ], [ 14.25941758, 42.34320968 ], [ 14.25916795, 42.34302519 ], [ 14.25926057, 42.34296581 ], [ 14.25927711, 42.34295521 ], [ 14.25946626, 42.34283392 ], [ 14.25955344, 42.34277802 ], [ 14.25963699, 42.34272445 ] ] ] } },
{ "type": "Feature", "properties": { "NATIONALCADASTRALREFERENCE": "F196_001500.4167", "ADMINISTRATIVEUNIT": "F196", "codice_istat": "069050", "regione": "Abruzzo", "provincia": "CH", "comune": "Miglianico", "sezione": null, "foglio": "15", "allegato": null, "sviluppo": null, "particella": "4167" }, "geometry": { "type": "Polygon", "coordinates": [ [ [ 14.25865344, 42.34592044 ], [ 14.25867673, 42.34588545 ], [ 14.25874134, 42.34591266 ], [ 14.25871922, 42.34594289 ], [ 14.25865344, 42.34592044 ] ] ] } },
{ "type": "Feature", "properties": { "NATIONALCADASTRALREFERENCE": "F196_001500.4170", "ADMINISTRATIVEUNIT": "F196", "codice_istat": "069050", "regione": "Abruzzo", "provincia": "CH", "comune": "Miglianico", "sezione": null, "foglio": "15", "allegato": null, "sviluppo": null, "particella": "4170" }, "geometry": { "type": "Polygon", "coordinates": [ [ [ 14.25866916, 42.34619805 ], [ 14.25889001, 42.3463438 ], [ 14.25886799, 42.34635175 ], [ 14.25863973, 42.34642612 ], [ 14.25851978, 42.34625816 ], [ 14.25841946, 42.34619258 ], [ 14.25834047, 42.34615021 ], [ 14.25837639, 42.34611976 ], [ 14.25841202, 42.34614237 ], [ 14.25842931, 42.34615357 ], [ 14.25841952, 42.34616282 ], [ 14.25847208, 42.34619725 ], [ 14.25848196, 42.34618763 ], [ 14.25851789, 42.34621277 ], [ 14.25854954, 42.34623317 ], [ 14.25856336, 42.34624297 ], [ 14.25858655, 42.34625112 ], [ 14.25863321, 42.3462134 ], [ 14.25864143, 42.34621995 ], [ 14.25866916, 42.34619805 ] ], [ [ 14.25867638, 42.34639828 ], [ 14.25865504, 42.34635489 ], [ 14.25861726, 42.34636664 ], [ 14.25864225, 42.34641094 ], [ 14.25867638, 42.34639828 ] ] ] } },
{ "type": "Feature", "properties": { "NATIONALCADASTRALREFERENCE": "F196_001500.4172", "ADMINISTRATIVEUNIT": "F196", "codice_istat": "069050", "regione": "Abruzzo", "provincia": "CH", "comune": "Miglianico", "sezione": null, "foglio": "15", "allegato": null, "sviluppo": null, "particella": "4172" }, "geometry": { "type": "Polygon", "coordinates": [ [ [ 14.25851603, 42.34615602 ], [ 14.25855373, 42.34617941 ], [ 14.25851789, 42.34621277 ], [ 14.25848196, 42.34618763 ], [ 14.25851603, 42.34615602 ] ] ] } },
{ "type": "Feature", "properties": { "NATIONALCADASTRALREFERENCE": "F196_001500.4173", "ADMINISTRATIVEUNIT": "F196", "codice_istat": "069050", "regione": "Abruzzo", "provincia": "CH", "comune": "Miglianico", "sezione": null, "foglio": "15", "allegato": null, "sviluppo": null, "particella": "4173" }, "geometry": { "type": "Polygon", "coordinates": [ [ [ 14.26312171, 42.34538547 ], [ 14.26327508, 42.34550739 ], [ 14.26296756, 42.34571491 ], [ 14.26249848, 42.3453259 ], [ 14.26281765, 42.34511654 ], [ 14.26312171, 42.34538547 ] ] ] } },
{ "type": "Feature", "properties": { "NATIONALCADASTRALREFERENCE": "F196_001500.4174", "ADMINISTRATIVEUNIT": "F196", "codice_istat": "069050", "regione": "Abruzzo", "provincia": "CH", "comune": "Miglianico", "sezione": null, "foglio": "15", "allegato": null, "sviluppo": null, "particella": "4174" }, "geometry": { "type": "Polygon", "coordinates": [ [ [ 14.26075439, 42.34373367 ], [ 14.26081817, 42.34369187 ], [ 14.26107197, 42.34388759 ], [ 14.26100875, 42.34392666 ], [ 14.26102194, 42.3439375 ], [ 14.26089956, 42.34402429 ], [ 14.26088448, 42.34401166 ], [ 14.26087145, 42.34402547 ], [ 14.26062492, 42.34381571 ], [ 14.26064723, 42.34380394 ], [ 14.26073399, 42.34374705 ], [ 14.26075439, 42.34373367 ] ] ] } },
{ "type": "Feature", "properties": { "NATIONALCADASTRALREFERENCE": "F196_001500.4175", "ADMINISTRATIVEUNIT": "F196", "codice_istat": "069050", "regione": "Abruzzo", "provincia": "CH", "comune": "Miglianico", "sezione": null, "foglio": "15", "allegato": null, "sviluppo": null, "particella": "4175" }, "geometry": { "type": "Polygon", "coordinates": [ [ [ 14.26033425, 42.34531068 ], [ 14.26025728, 42.34565519 ], [ 14.26019319, 42.3457392 ], [ 14.2599857, 42.34593221 ], [ 14.2596093, 42.34563388 ], [ 14.25976031, 42.34552912 ], [ 14.25961459, 42.34541085 ], [ 14.25974338, 42.34531482 ], [ 14.25990233, 42.34543729 ], [ 14.26046599, 42.34492472 ], [ 14.26040698, 42.34505993 ], [ 14.26033425, 42.34531068 ] ] ] } },
{ "type": "Feature", "properties": { "NATIONALCADASTRALREFERENCE": "F196_001500.4176", "ADMINISTRATIVEUNIT": "F196", "codice_istat": "069050", "regione": "Abruzzo", "provincia": "CH", "comune": "Miglianico", "sezione": null, "foglio": "15", "allegato": null, "sviluppo": null, "particella": "4176" }, "geometry": { "type": "Polygon", "coordinates": [ [ [ 14.2562696, 42.34470133 ], [ 14.25624245, 42.34468018 ], [ 14.2561563, 42.34461309 ], [ 14.25622985, 42.34455632 ], [ 14.25623992, 42.34454855 ], [ 14.25630499, 42.34449403 ], [ 14.25634523, 42.34463366 ], [ 14.25635058, 42.34464881 ], [ 14.2563647, 42.3447037 ], [ 14.25635833, 42.34471478 ], [ 14.25634093, 42.34473524 ], [ 14.25633326, 42.34474438 ], [ 14.25628932, 42.34471421 ], [ 14.2562696, 42.34470133 ] ] ] } },
{ "type": "Feature", "properties": { "NATIONALCADASTRALREFERENCE": "F196_001500.4177", "ADMINISTRATIVEUNIT": "F196", "codice_istat": "069050", "regione": "Abruzzo", "provincia": "CH", "comune": "Miglianico", "sezione": null, "foglio": "15", "allegato": null, "sviluppo": null, "particella": "4177" }, "geometry": { "type": "Polygon", "coordinates": [ [ [ 14.25653378, 42.34478003 ], [ 14.2564747, 42.34474156 ], [ 14.25651633, 42.34470357 ], [ 14.25656761, 42.34466133 ], [ 14.25662368, 42.3447014 ], [ 14.25661575, 42.34470834 ], [ 14.25654749, 42.34476804 ], [ 14.25653378, 42.34478003 ] ] ] } },
{ "type": "Feature", "properties": { "NATIONALCADASTRALREFERENCE": "F196_001500.4178", "ADMINISTRATIVEUNIT": "F196", "codice_istat": "069050", "regione": "Abruzzo", "provincia": "CH", "comune": "Miglianico", "sezione": null, "foglio": "15", "allegato": null, "sviluppo": null, "particella": "4178" }, "geometry": { "type": "Polygon", "coordinates": [ [ [ 14.25406151, 42.34603671 ], [ 14.25439401, 42.34622207 ], [ 14.25431829, 42.34633266 ], [ 14.25422143, 42.34646973 ], [ 14.25421364, 42.34646525 ], [ 14.25429706, 42.34632536 ], [ 14.25429979, 42.34627621 ], [ 14.25418514, 42.34618368 ], [ 14.25400348, 42.34613123 ], [ 14.25406151, 42.34603671 ] ], [ [ 14.25438794, 42.34621934 ], [ 14.2542958, 42.34617922 ], [ 14.25429274, 42.34618314 ], [ 14.25426373, 42.34622018 ], [ 14.2543529, 42.34625885 ], [ 14.25435663, 42.34626046 ], [ 14.25438794, 42.34621934 ] ] ] } },
{ "type": "Feature", "properties": { "NATIONALCADASTRALREFERENCE": "F196_001500.4179", "ADMINISTRATIVEUNIT": "F196", "codice_istat": "069050", "regione": "Abruzzo", "provincia": "CH", "comune": "Miglianico", "sezione": null, "foglio": "15", "allegato": null, "sviluppo": null, "particella": "4179" }, "geometry": { "type": "Polygon", "coordinates": [ [ [ 14.25710772, 42.34310651 ], [ 14.25674673, 42.34337214 ], [ 14.25659058, 42.34349016 ], [ 14.256129, 42.34313064 ], [ 14.25615812, 42.34310256 ], [ 14.25624781, 42.34301964 ], [ 14.25652135, 42.34280066 ], [ 14.25661783, 42.34273896 ], [ 14.25710772, 42.34310651 ] ] ] } },
{ "type": "Feature", "properties": { "NATIONALCADASTRALREFERENCE": "F196_001500.4181", "ADMINISTRATIVEUNIT": "F196", "codice_istat": "069050", "regione": "Abruzzo", "provincia": "CH", "comune": "Miglianico", "sezione": null, "foglio": "15", "allegato": null, "sviluppo": null, "particella": "4181" }, "geometry": { "type": "Polygon", "coordinates": [ [ [ 14.26506166, 42.34890897 ], [ 14.26540028, 42.34869165 ], [ 14.26576828, 42.34897436 ], [ 14.26506166, 42.34890897 ] ] ] } },
{ "type": "Feature", "properties": { "NATIONALCADASTRALREFERENCE": "F196_001500.4182", "ADMINISTRATIVEUNIT": "F196", "codice_istat": "069050", "regione": "Abruzzo", "provincia": "CH", "comune": "Miglianico", "sezione": null, "foglio": "15", "allegato": null, "sviluppo": null, "particella": "4182" }, "geometry": { "type": "Polygon", "coordinates": [ [ [ 14.25756295, 42.34474165 ], [ 14.25758347, 42.34473044 ], [ 14.25767571, 42.34480232 ], [ 14.25767088, 42.34480547 ], [ 14.25757114, 42.34474649 ], [ 14.25756295, 42.34474165 ] ] ] } },
{ "type": "Feature", "properties": { "NATIONALCADASTRALREFERENCE": "F196_001500.4183", "ADMINISTRATIVEUNIT": "F196", "codice_istat": "069050", "regione": "Abruzzo", "provincia": "CH", "comune": "Miglianico", "sezione": null, "foglio": "15", "allegato": null, "sviluppo": null, "particella": "4183" }, "geometry": { "type": "Polygon", "coordinates": [ [ [ 14.25770658, 42.34482658 ], [ 14.25767088, 42.34480547 ], [ 14.25767571, 42.34480232 ], [ 14.25770658, 42.34482658 ] ] ] } },
{ "type": "Feature", "properties": { "NATIONALCADASTRALREFERENCE": "F196_001500.4184", "ADMINISTRATIVEUNIT": "F196", "codice_istat": "069050", "regione": "Abruzzo", "provincia": "CH", "comune": "Miglianico", "sezione": null, "foglio": "15", "allegato": null, "sviluppo": null, "particella": "4184" }, "geometry": { "type": "Polygon", "coordinates": [ [ [ 14.25757114, 42.34474649 ], [ 14.25767088, 42.34480547 ], [ 14.25761967, 42.34483887 ], [ 14.2573778, 42.3446971 ], [ 14.25738744, 42.34468388 ], [ 14.25737271, 42.34465925 ], [ 14.25732459, 42.344615 ], [ 14.25737941, 42.34457949 ], [ 14.25758347, 42.34473044 ], [ 14.25756295, 42.34474165 ], [ 14.25757114, 42.34474649 ] ] ] } },
{ "type": "Feature", "properties": { "NATIONALCADASTRALREFERENCE": "F196_001500.4185", "ADMINISTRATIVEUNIT": "F196", "codice_istat": "069050", "regione": "Abruzzo", "provincia": "CH", "comune": "Miglianico", "sezione": null, "foglio": "15", "allegato": null, "sviluppo": null, "particella": "4185" }, "geometry": { "type": "Polygon", "coordinates": [ [ [ 14.25767088, 42.34480547 ], [ 14.25770658, 42.34482658 ], [ 14.25772895, 42.34484592 ], [ 14.25793373, 42.34502297 ], [ 14.25761967, 42.34483887 ], [ 14.25767088, 42.34480547 ] ] ] } },
{ "type": "Feature", "properties": { "NATIONALCADASTRALREFERENCE": "F196_001500.4186", "ADMINISTRATIVEUNIT": "F196", "codice_istat": "069050", "regione": "Abruzzo", "provincia": "CH", "comune": "Miglianico", "sezione": null, "foglio": "15", "allegato": null, "sviluppo": null, "particella": "4186" }, "geometry": { "type": "Polygon", "coordinates": [ [ [ 14.25802171, 42.34207147 ], [ 14.25789581, 42.34195211 ], [ 14.25843575, 42.34166407 ], [ 14.25854282, 42.34175151 ], [ 14.25847921, 42.34202289 ], [ 14.25849857, 42.34203522 ], [ 14.25853235, 42.34205342 ], [ 14.25851573, 42.34206843 ], [ 14.25828595, 42.34226667 ], [ 14.25802171, 42.34207147 ] ] ] } },
{ "type": "Feature", "properties": { "NATIONALCADASTRALREFERENCE": "F196_001500.4187", "ADMINISTRATIVEUNIT": "F196", "codice_istat": "069050", "regione": "Abruzzo", "provincia": "CH", "comune": "Miglianico", "sezione": null, "foglio": "15", "allegato": null, "sviluppo": null, "particella": "4187" }, "geometry": { "type": "Polygon", "coordinates": [ [ [ 14.2585423, 42.34204443 ], [ 14.25853235, 42.34205342 ], [ 14.25849857, 42.34203522 ], [ 14.25847921, 42.34202289 ], [ 14.25854282, 42.34175151 ], [ 14.25855635, 42.34176255 ], [ 14.2584971, 42.3420203 ], [ 14.2585423, 42.34204443 ] ] ] } },
{ "type": "Feature", "properties": { "NATIONALCADASTRALREFERENCE": "F196_001500.4188", "ADMINISTRATIVEUNIT": "F196", "codice_istat": "069050", "regione": "Abruzzo", "provincia": "CH", "comune": "Miglianico", "sezione": null, "foglio": "15", "allegato": null, "sviluppo": null, "particella": "4188" }, "geometry": { "type": "Polygon", "coordinates": [ [ [ 14.25871277, 42.34189025 ], [ 14.2585423, 42.34204443 ], [ 14.2584971, 42.3420203 ], [ 14.25855635, 42.34176255 ], [ 14.25871277, 42.34189025 ] ] ] } },
{ "type": "Feature", "properties": { "NATIONALCADASTRALREFERENCE": "F196_001500.4189", "ADMINISTRATIVEUNIT": "F196", "codice_istat": "069050", "regione": "Abruzzo", "provincia": "CH", "comune": "Miglianico", "sezione": null, "foglio": "15", "allegato": null, "sviluppo": null, "particella": "4189" }, "geometry": { "type": "Polygon", "coordinates": [ [ [ 14.25742813, 42.34220001 ], [ 14.25764699, 42.34208552 ], [ 14.25772163, 42.34213736 ], [ 14.25785473, 42.34222502 ], [ 14.25787784, 42.34221303 ], [ 14.25792293, 42.34221224 ], [ 14.25794367, 42.34222037 ], [ 14.25796078, 42.34223966 ], [ 14.25796445, 42.34226857 ], [ 14.25795259, 42.342287 ], [ 14.25813287, 42.34239886 ], [ 14.25765822, 42.34281152 ], [ 14.2575791, 42.3427622 ], [ 14.25739235, 42.34264806 ], [ 14.25735031, 42.34260286 ], [ 14.25722235, 42.34252375 ], [ 14.25701476, 42.34245093 ], [ 14.25701207, 42.34243243 ], [ 14.25737966, 42.34222524 ], [ 14.25742813, 42.34220001 ] ], [ [ 14.25720204, 42.34240639 ], [ 14.25717094, 42.34243431 ], [ 14.2572479, 42.34248346 ], [ 14.25727793, 42.34245532 ], [ 14.25720204, 42.34240639 ] ] ] } },
{ "type": "Feature", "properties": { "NATIONALCADASTRALREFERENCE": "F196_001500.4190", "ADMINISTRATIVEUNIT": "F196", "codice_istat": "069050", "regione": "Abruzzo", "provincia": "CH", "comune": "Miglianico", "sezione": null, "foglio": "15", "allegato": null, "sviluppo": null, "particella": "4190" }, "geometry": { "type": "Polygon", "coordinates": [ [ [ 14.25784189, 42.34540228 ], [ 14.25789777, 42.34533846 ], [ 14.25804512, 42.34515235 ], [ 14.25804168, 42.34512682 ], [ 14.25805823, 42.34513982 ], [ 14.25819218, 42.34524297 ], [ 14.25816569, 42.34527449 ], [ 14.25807668, 42.34538951 ], [ 14.25801466, 42.34551473 ], [ 14.25784189, 42.34540228 ] ] ] } },
{ "type": "Feature", "properties": { "NATIONALCADASTRALREFERENCE": "F196_001500.4191", "ADMINISTRATIVEUNIT": "F196", "codice_istat": "069050", "regione": "Abruzzo", "provincia": "CH", "comune": "Miglianico", "sezione": null, "foglio": "15", "allegato": null, "sviluppo": null, "particella": "4191" }, "geometry": { "type": "Polygon", "coordinates": [ [ [ 14.25820612, 42.34522639 ], [ 14.25819218, 42.34524297 ], [ 14.25805823, 42.34513982 ], [ 14.25804168, 42.34512682 ], [ 14.25803744, 42.34509545 ], [ 14.25820612, 42.34522639 ] ] ] } },
{ "type": "Feature", "properties": { "NATIONALCADASTRALREFERENCE": "F196_001500.4192", "ADMINISTRATIVEUNIT": "F196", "codice_istat": "069050", "regione": "Abruzzo", "provincia": "CH", "comune": "Miglianico", "sezione": null, "foglio": "15", "allegato": null, "sviluppo": null, "particella": "4192" }, "geometry": { "type": "Polygon", "coordinates": [ [ [ 14.25955344, 42.34277802 ], [ 14.25946626, 42.34283392 ], [ 14.25927711, 42.34295521 ], [ 14.25926057, 42.34296581 ], [ 14.25916795, 42.34302519 ], [ 14.25911883, 42.34298888 ], [ 14.25890174, 42.34282517 ], [ 14.25883836, 42.34277622 ], [ 14.25896379, 42.3426904 ], [ 14.25938422, 42.34241723 ], [ 14.2595074, 42.3425073 ], [ 14.25964546, 42.3426145 ], [ 14.25971666, 42.34267336 ], [ 14.25965542, 42.34271264 ], [ 14.25963699, 42.34272445 ], [ 14.25955344, 42.34277802 ] ] ] } },
{ "type": "Feature", "properties": { "NATIONALCADASTRALREFERENCE": "F196_001500.42", "ADMINISTRATIVEUNIT": "F196", "codice_istat": "069050", "regione": "Abruzzo", "provincia": "CH", "comune": "Miglianico", "sezione": null, "foglio": "15", "allegato": null, "sviluppo": null, "particella": "42" }, "geometry": { "type": "Polygon", "coordinates": [ [ [ 14.25853987, 42.34602161 ], [ 14.25843746, 42.34594559 ], [ 14.25847167, 42.34592938 ], [ 14.25848558, 42.34592268 ], [ 14.25870042, 42.3459963 ], [ 14.25867017, 42.34602559 ], [ 14.25861585, 42.34606734 ], [ 14.25853987, 42.34602161 ] ] ] } },
{ "type": "Feature", "properties": { "NATIONALCADASTRALREFERENCE": "F196_001500.43", "ADMINISTRATIVEUNIT": "F196", "codice_istat": "069050", "regione": "Abruzzo", "provincia": "CH", "comune": "Miglianico", "sezione": null, "foglio": "15", "allegato": null, "sviluppo": null, "particella": "43" }, "geometry": { "type": "Polygon", "coordinates": [ [ [ 14.25876419, 42.34563392 ], [ 14.2589055, 42.3458358 ], [ 14.25870042, 42.3459963 ], [ 14.25863765, 42.34594547 ], [ 14.25865344, 42.34592044 ], [ 14.25871922, 42.34594289 ], [ 14.25874134, 42.34591266 ], [ 14.25867673, 42.34588545 ], [ 14.25859989, 42.3458548 ], [ 14.25871428, 42.34567538 ], [ 14.25876419, 42.34563392 ] ] ] } },
{ "type": "Feature", "properties": { "NATIONALCADASTRALREFERENCE": "F196_001500.44", "ADMINISTRATIVEUNIT": "F196", "codice_istat": "069050", "regione": "Abruzzo", "provincia": "CH", "comune": "Miglianico", "sezione": null, "foglio": "15", "allegato": null, "sviluppo": null, "particella": "44" }, "geometry": { "type": "Polygon", "coordinates": [ [ [ 14.25870042, 42.3459963 ], [ 14.2589055, 42.3458358 ], [ 14.25903444, 42.34602516 ], [ 14.25901117, 42.34603682 ], [ 14.25886213, 42.34611757 ], [ 14.25883826, 42.34608691 ], [ 14.25880508, 42.34610202 ], [ 14.25870042, 42.3459963 ] ] ] } },
{ "type": "Feature", "properties": { "NATIONALCADASTRALREFERENCE": "F196_001500.45", "ADMINISTRATIVEUNIT": "F196", "codice_istat": "069050", "regione": "Abruzzo", "provincia": "CH", "comune": "Miglianico", "sezione": null, "foglio": "15", "allegato": null, "sviluppo": null, "particella": "45" }, "geometry": { "type": "Polygon", "coordinates": [ [ [ 14.25861585, 42.34606734 ], [ 14.25867017, 42.34602559 ], [ 14.25873095, 42.34606566 ], [ 14.25872114, 42.34607451 ], [ 14.25874744, 42.34609137 ], [ 14.25872248, 42.34611279 ], [ 14.25873876, 42.34612376 ], [ 14.2587086, 42.34614916 ], [ 14.25872613, 42.34616021 ], [ 14.2587069, 42.34617677 ], [ 14.2586696, 42.34615277 ], [ 14.25863973, 42.34617863 ], [ 14.25855346, 42.3461233 ], [ 14.25861585, 42.34606734 ] ] ] } },
{ "type": "Feature", "properties": { "NATIONALCADASTRALREFERENCE": "F196_001500.47", "ADMINISTRATIVEUNIT": "F196", "codice_istat": "069050", "regione": "Abruzzo", "provincia": "CH", "comune": "Miglianico", "sezione": null, "foglio": "15", "allegato": null, "sviluppo": null, "particella": "47" }, "geometry": { "type": "Polygon", "coordinates": [ [ [ 14.25841946, 42.34619258 ], [ 14.25851978, 42.34625816 ], [ 14.25863973, 42.34642612 ], [ 14.25866261, 42.34646732 ], [ 14.25869255, 42.34651311 ], [ 14.2587219, 42.34657447 ], [ 14.25850426, 42.34664083 ], [ 14.2584724, 42.34664814 ], [ 14.25843135, 42.34658259 ], [ 14.2583844, 42.34651046 ], [ 14.25836127, 42.3464764 ], [ 14.25824498, 42.3462984 ], [ 14.25841946, 42.34619258 ] ] ] } },
{ "type": "Feature", "properties": { "NATIONALCADASTRALREFERENCE": "F196_001500.48", "ADMINISTRATIVEUNIT": "F196", "codice_istat": "069050", "regione": "Abruzzo", "provincia": "CH", "comune": "Miglianico", "sezione": null, "foglio": "15", "allegato": null, "sviluppo": null, "particella": "48" }, "geometry": { "type": "Polygon", "coordinates": [ [ [ 14.25860015, 42.34691688 ], [ 14.25886793, 42.34683872 ], [ 14.2589316, 42.34695626 ], [ 14.25899396, 42.34709113 ], [ 14.258973, 42.34714208 ], [ 14.25890939, 42.3471926 ], [ 14.25878676, 42.34727693 ], [ 14.25868064, 42.34703133 ], [ 14.2586659, 42.34700119 ], [ 14.25861642, 42.3469417 ], [ 14.25860015, 42.34691688 ] ] ] } },
{ "type": "Feature", "properties": { "NATIONALCADASTRALREFERENCE": "F196_001500.49", "ADMINISTRATIVEUNIT": "F196", "codice_istat": "069050", "regione": "Abruzzo", "provincia": "CH", "comune": "Miglianico", "sezione": null, "foglio": "15", "allegato": null, "sviluppo": null, "particella": "49" }, "geometry": { "type": "Polygon", "coordinates": [ [ [ 14.25718438, 42.34516589 ], [ 14.25739902, 42.34526842 ], [ 14.25779622, 42.34544729 ], [ 14.25762255, 42.34566679 ], [ 14.25725499, 42.3454595 ], [ 14.25719619, 42.34522487 ], [ 14.25718438, 42.34516589 ] ] ] } },
{ "type": "Feature", "properties": { "NATIONALCADASTRALREFERENCE": "F196_001500.5", "ADMINISTRATIVEUNIT": "F196", "codice_istat": "069050", "regione": "Abruzzo", "provincia": "CH", "comune": "Miglianico", "sezione": null, "foglio": "15", "allegato": null, "sviluppo": null, "particella": "5" }, "geometry": { "type": "Polygon", "coordinates": [ [ [ 14.25996172, 42.34653445 ], [ 14.26083742, 42.34571648 ], [ 14.2613493, 42.34612248 ], [ 14.261834, 42.34649571 ], [ 14.26038851, 42.34749626 ], [ 14.26008316, 42.34721281 ], [ 14.25959217, 42.34682162 ], [ 14.25957174, 42.34678315 ], [ 14.25996172, 42.34653445 ] ] ] } },
{ "type": "Feature", "properties": { "NATIONALCADASTRALREFERENCE": "F196_001500.52", "ADMINISTRATIVEUNIT": "F196", "codice_istat": "069050", "regione": "Abruzzo", "provincia": "CH", "comune": "Miglianico", "sezione": null, "foglio": "15", "allegato": null, "sviluppo": null, "particella": "52" }, "geometry": { "type": "Polygon", "coordinates": [ [ [ 14.25609464, 42.34440942 ], [ 14.25665843, 42.34402613 ], [ 14.25674131, 42.34408734 ], [ 14.25619701, 42.34445055 ], [ 14.25609464, 42.34440942 ] ] ] } },
{ "type": "Feature", "properties": { "NATIONALCADASTRALREFERENCE": "F196_001500.53", "ADMINISTRATIVEUNIT": "F196", "codice_istat": "069050", "regione": "Abruzzo", "provincia": "CH", "comune": "Miglianico", "sezione": null, "foglio": "15", "allegato": null, "sviluppo": null, "particella": "53" }, "geometry": { "type": "Polygon", "coordinates": [ [ [ 14.25608282, 42.34441945 ], [ 14.25609464, 42.34440942 ], [ 14.25619701, 42.34445055 ], [ 14.25630499, 42.34449403 ], [ 14.25623992, 42.34454855 ], [ 14.2561656, 42.34449277 ], [ 14.25601256, 42.34460492 ], [ 14.25599616, 42.34459296 ], [ 14.25601467, 42.34457812 ], [ 14.25599814, 42.34456534 ], [ 14.25595958, 42.34459603 ], [ 14.25607435, 42.34467262 ], [ 14.25604187, 42.34469096 ], [ 14.25593837, 42.34460901 ], [ 14.25588933, 42.34457084 ], [ 14.25600594, 42.34447835 ], [ 14.25608282, 42.34441945 ] ] ] } },
{ "type": "Feature", "properties": { "NATIONALCADASTRALREFERENCE": "F196_001500.57", "ADMINISTRATIVEUNIT": "F196", "codice_istat": "069050", "regione": "Abruzzo", "provincia": "CH", "comune": "Miglianico", "sezione": null, "foglio": "15", "allegato": null, "sviluppo": null, "particella": "57" }, "geometry": { "type": "Polygon", "coordinates": [ [ [ 14.25633326, 42.34474438 ], [ 14.25644932, 42.34480175 ], [ 14.25660962, 42.34482509 ], [ 14.2565278, 42.34490392 ], [ 14.25646955, 42.34488015 ], [ 14.25627667, 42.34480078 ], [ 14.25633326, 42.34474438 ] ] ] } },
{ "type": "Feature", "properties": { "NATIONALCADASTRALREFERENCE": "F196_001500.59", "ADMINISTRATIVEUNIT": "F196", "codice_istat": "069050", "regione": "Abruzzo", "provincia": "CH", "comune": "Miglianico", "sezione": null, "foglio": "15", "allegato": null, "sviluppo": null, "particella": "59" }, "geometry": { "type": "Polygon", "coordinates": [ [ [ 14.25635058, 42.34464881 ], [ 14.25668975, 42.34461593 ], [ 14.25678606, 42.3446128 ], [ 14.2572587, 42.34458931 ], [ 14.25736006, 42.3446758 ], [ 14.25734063, 42.34469836 ], [ 14.25730346, 42.34472405 ], [ 14.25662368, 42.3447014 ], [ 14.25656761, 42.34466133 ], [ 14.25651633, 42.34470357 ], [ 14.2563647, 42.3447037 ], [ 14.25635058, 42.34464881 ] ] ] } },
{ "type": "Feature", "properties": { "NATIONALCADASTRALREFERENCE": "F196_001500.6", "ADMINISTRATIVEUNIT": "F196", "codice_istat": "069050", "regione": "Abruzzo", "provincia": "CH", "comune": "Miglianico", "sezione": null, "foglio": "15", "allegato": null, "sviluppo": null, "particella": "6" }, "geometry": { "type": "Polygon", "coordinates": [ [ [ 14.26214011, 42.34456653 ], [ 14.26256582, 42.34491234 ], [ 14.26217969, 42.34500165 ], [ 14.2620027, 42.34505903 ], [ 14.26180824, 42.34513943 ], [ 14.26175015, 42.34516256 ], [ 14.26111527, 42.34543034 ], [ 14.26092248, 42.34563223 ], [ 14.26085474, 42.34548206 ], [ 14.26097082, 42.34538522 ], [ 14.26118624, 42.34532256 ], [ 14.26168941, 42.3451113 ], [ 14.26173021, 42.345095 ], [ 14.2618405, 42.3450494 ], [ 14.26185146, 42.34504489 ], [ 14.26193597, 42.34501016 ], [ 14.2621376, 42.34473301 ], [ 14.26214011, 42.34456653 ] ] ] } },
{ "type": "Feature", "properties": { "NATIONALCADASTRALREFERENCE": "F196_001500.60", "ADMINISTRATIVEUNIT": "F196", "codice_istat": "069050", "regione": "Abruzzo", "provincia": "CH", "comune": "Miglianico", "sezione": null, "foglio": "15", "allegato": null, "sviluppo": null, "particella": "60" }, "geometry": { "type": "Polygon", "coordinates": [ [ [ 14.25662368, 42.3447014 ], [ 14.25730346, 42.34472405 ], [ 14.25719798, 42.34479953 ], [ 14.25707549, 42.34490469 ], [ 14.25660962, 42.34482509 ], [ 14.25644932, 42.34480175 ], [ 14.25633326, 42.34474438 ], [ 14.25634093, 42.34473524 ], [ 14.25635833, 42.34471478 ], [ 14.2563647, 42.3447037 ], [ 14.25651633, 42.34470357 ], [ 14.2564747, 42.34474156 ], [ 14.25653378, 42.34478003 ], [ 14.25654749, 42.34476804 ], [ 14.25661575, 42.34470834 ], [ 14.25662368, 42.3447014 ] ] ] } },
{ "type": "Feature", "properties": { "NATIONALCADASTRALREFERENCE": "F196_001500.62", "ADMINISTRATIVEUNIT": "F196", "codice_istat": "069050", "regione": "Abruzzo", "provincia": "CH", "comune": "Miglianico", "sezione": null, "foglio": "15", "allegato": null, "sviluppo": null, "particella": "62" }, "geometry": { "type": "Polygon", "coordinates": [ [ [ 14.25630499, 42.34449403 ], [ 14.25683126, 42.34414721 ], [ 14.25701413, 42.34428972 ], [ 14.25696981, 42.34434302 ], [ 14.25702879, 42.34439883 ], [ 14.25709411, 42.3444578 ], [ 14.25717169, 42.34451849 ], [ 14.2572587, 42.34458931 ], [ 14.25678606, 42.3446128 ], [ 14.25668975, 42.34461593 ], [ 14.25635058, 42.34464881 ], [ 14.25634523, 42.34463366 ], [ 14.25630499, 42.34449403 ] ] ] } },
{ "type": "Feature", "properties": { "NATIONALCADASTRALREFERENCE": "F196_001500.63", "ADMINISTRATIVEUNIT": "F196", "codice_istat": "069050", "regione": "Abruzzo", "provincia": "CH", "comune": "Miglianico", "sezione": null, "foglio": "15", "allegato": null, "sviluppo": null, "particella": "63" }, "geometry": { "type": "Polygon", "coordinates": [ [ [ 14.25711468, 42.34490151 ], [ 14.25735092, 42.34502362 ], [ 14.25718438, 42.34516589 ], [ 14.25693676, 42.34505378 ], [ 14.25711468, 42.34490151 ] ] ] } },
{ "type": "Feature", "properties": { "NATIONALCADASTRALREFERENCE": "F196_001500.64", "ADMINISTRATIVEUNIT": "F196", "codice_istat": "069050", "regione": "Abruzzo", "provincia": "CH", "comune": "Miglianico", "sezione": null, "foglio": "15", "allegato": null, "sviluppo": null, "particella": "64" }, "geometry": { "type": "Polygon", "coordinates": [ [ [ 14.25735092, 42.34502362 ], [ 14.25789777, 42.34533846 ], [ 14.25784189, 42.34540228 ], [ 14.25779622, 42.34544729 ], [ 14.25739902, 42.34526842 ], [ 14.25718438, 42.34516589 ], [ 14.25735092, 42.34502362 ] ] ] } },
{ "type": "Feature", "properties": { "NATIONALCADASTRALREFERENCE": "F196_001500.65", "ADMINISTRATIVEUNIT": "F196", "codice_istat": "069050", "regione": "Abruzzo", "provincia": "CH", "comune": "Miglianico", "sezione": null, "foglio": "15", "allegato": null, "sviluppo": null, "particella": "65" }, "geometry": { "type": "Polygon", "coordinates": [ [ [ 14.25722721, 42.34480329 ], [ 14.2573778, 42.3446971 ], [ 14.25761967, 42.34483887 ], [ 14.25793373, 42.34502297 ], [ 14.25803744, 42.34509545 ], [ 14.25804168, 42.34512682 ], [ 14.25804512, 42.34515235 ], [ 14.25789777, 42.34533846 ], [ 14.25735092, 42.34502362 ], [ 14.25711468, 42.34490151 ], [ 14.25722721, 42.34480329 ] ] ] } },
{ "type": "Feature", "properties": { "NATIONALCADASTRALREFERENCE": "F196_001500.67", "ADMINISTRATIVEUNIT": "F196", "codice_istat": "069050", "regione": "Abruzzo", "provincia": "CH", "comune": "Miglianico", "sezione": null, "foglio": "15", "allegato": null, "sviluppo": null, "particella": "67" }, "geometry": { "type": "Polygon", "coordinates": [ [ [ 14.25827262, 42.34515907 ], [ 14.25892677, 42.34550068 ], [ 14.25880135, 42.3456133 ], [ 14.25822948, 42.34520189 ], [ 14.25827262, 42.34515907 ] ] ] } },
{ "type": "Feature", "properties": { "NATIONALCADASTRALREFERENCE": "F196_001500.68", "ADMINISTRATIVEUNIT": "F196", "codice_istat": "069050", "regione": "Abruzzo", "provincia": "CH", "comune": "Miglianico", "sezione": null, "foglio": "15", "allegato": null, "sviluppo": null, "particella": "68" }, "geometry": { "type": "Polygon", "coordinates": [ [ [ 14.25863072, 42.34491831 ], [ 14.25903826, 42.34509528 ], [ 14.25882617, 42.34520822 ], [ 14.2584143, 42.34509442 ], [ 14.25863072, 42.34491831 ] ] ] } },
{ "type": "Feature", "properties": { "NATIONALCADASTRALREFERENCE": "F196_001500.70", "ADMINISTRATIVEUNIT": "F196", "codice_istat": "069050", "regione": "Abruzzo", "provincia": "CH", "comune": "Miglianico", "sezione": null, "foglio": "15", "allegato": null, "sviluppo": null, "particella": "70" }, "geometry": { "type": "Polygon", "coordinates": [ [ [ 14.25703035, 42.34430067 ], [ 14.25711197, 42.34437308 ], [ 14.25704879, 42.34439159 ], [ 14.25699684, 42.34434554 ], [ 14.25703035, 42.34430067 ] ] ] } },
{ "type": "Feature", "properties": { "NATIONALCADASTRALREFERENCE": "F196_001500.71", "ADMINISTRATIVEUNIT": "F196", "codice_istat": "069050", "regione": "Abruzzo", "provincia": "CH", "comune": "Miglianico", "sezione": null, "foglio": "15", "allegato": null, "sviluppo": null, "particella": "71" }, "geometry": { "type": "Polygon", "coordinates": [ [ [ 14.25714406, 42.34421823 ], [ 14.25786249, 42.34383217 ], [ 14.25790699, 42.34379008 ], [ 14.25808415, 42.34395194 ], [ 14.25822892, 42.34409835 ], [ 14.25787356, 42.34428664 ], [ 14.25773632, 42.34435889 ], [ 14.25741299, 42.34455771 ], [ 14.25715941, 42.34435424 ], [ 14.25718565, 42.34434523 ], [ 14.25716326, 42.34431416 ], [ 14.25719409, 42.34430261 ], [ 14.25714406, 42.34421823 ] ] ] } },
{ "type": "Feature", "properties": { "NATIONALCADASTRALREFERENCE": "F196_001500.73", "ADMINISTRATIVEUNIT": "F196", "codice_istat": "069050", "regione": "Abruzzo", "provincia": "CH", "comune": "Miglianico", "sezione": null, "foglio": "15", "allegato": null, "sviluppo": null, "particella": "73" }, "geometry": { "type": "Polygon", "coordinates": [ [ [ 14.25762246, 42.34471196 ], [ 14.25741299, 42.34455771 ], [ 14.25773632, 42.34435889 ], [ 14.25811401, 42.34461538 ], [ 14.25812578, 42.3446231 ], [ 14.25812614, 42.34462323 ], [ 14.25795926, 42.34471905 ], [ 14.25794507, 42.3447272 ], [ 14.25796273, 42.34474731 ], [ 14.25811098, 42.34489575 ], [ 14.25798548, 42.34499327 ], [ 14.25792275, 42.34494459 ], [ 14.25792253, 42.34494425 ], [ 14.25791801, 42.34494087 ], [ 14.25779501, 42.34484423 ], [ 14.25777516, 42.34482864 ], [ 14.25762246, 42.34471196 ] ] ] } },
{ "type": "Feature", "properties": { "NATIONALCADASTRALREFERENCE": "F196_001500.74", "ADMINISTRATIVEUNIT": "F196", "codice_istat": "069050", "regione": "Abruzzo", "provincia": "CH", "comune": "Miglianico", "sezione": null, "foglio": "15", "allegato": null, "sviluppo": null, "particella": "74" }, "geometry": { "type": "Polygon", "coordinates": [ [ [ 14.25825317, 42.34480929 ], [ 14.25851982, 42.34464253 ], [ 14.25876573, 42.34483061 ], [ 14.25863072, 42.34491831 ], [ 14.2584143, 42.34509442 ], [ 14.25837037, 42.34504242 ], [ 14.25824621, 42.3448964 ], [ 14.25817682, 42.34484894 ], [ 14.25825317, 42.34480929 ] ] ] } },
{ "type": "Feature", "properties": { "NATIONALCADASTRALREFERENCE": "F196_001500.75", "ADMINISTRATIVEUNIT": "F196", "codice_istat": "069050", "regione": "Abruzzo", "provincia": "CH", "comune": "Miglianico", "sezione": null, "foglio": "15", "allegato": null, "sviluppo": null, "particella": "75" }, "geometry": { "type": "Polygon", "coordinates": [ [ [ 14.25876573, 42.34483061 ], [ 14.25884514, 42.34487824 ], [ 14.25891859, 42.34489594 ], [ 14.25897016, 42.34489516 ], [ 14.25917291, 42.34475542 ], [ 14.25916467, 42.34514795 ], [ 14.25903826, 42.34509528 ], [ 14.25863072, 42.34491831 ], [ 14.25876573, 42.34483061 ] ] ] } },
{ "type": "Feature", "properties": { "NATIONALCADASTRALREFERENCE": "F196_001500.76", "ADMINISTRATIVEUNIT": "F196", "codice_istat": "069050", "regione": "Abruzzo", "provincia": "CH", "comune": "Miglianico", "sezione": null, "foglio": "15", "allegato": null, "sviluppo": null, "particella": "76" }, "geometry": { "type": "Polygon", "coordinates": [ [ [ 14.25920162, 42.34473662 ], [ 14.25960107, 42.34502772 ], [ 14.25927752, 42.34519714 ], [ 14.25916467, 42.34514795 ], [ 14.25917291, 42.34475542 ], [ 14.25920162, 42.34473662 ] ] ] } },
{ "type": "Feature", "properties": { "NATIONALCADASTRALREFERENCE": "F196_001500.77", "ADMINISTRATIVEUNIT": "F196", "codice_istat": "069050", "regione": "Abruzzo", "provincia": "CH", "comune": "Miglianico", "sezione": null, "foglio": "15", "allegato": null, "sviluppo": null, "particella": "77" }, "geometry": { "type": "Polygon", "coordinates": [ [ [ 14.25876573, 42.34483061 ], [ 14.2588598, 42.3447712 ], [ 14.25895964, 42.34468305 ], [ 14.25942676, 42.34437974 ], [ 14.25947829, 42.34434716 ], [ 14.25961175, 42.34446434 ], [ 14.25920162, 42.34473662 ], [ 14.25917291, 42.34475542 ], [ 14.25897016, 42.34489516 ], [ 14.25891859, 42.34489594 ], [ 14.25884514, 42.34487824 ], [ 14.25876573, 42.34483061 ] ] ] } },
{ "type": "Feature", "properties": { "NATIONALCADASTRALREFERENCE": "F196_001500.82", "ADMINISTRATIVEUNIT": "F196", "codice_istat": "069050", "regione": "Abruzzo", "provincia": "CH", "comune": "Miglianico", "sezione": null, "foglio": "15", "allegato": null, "sviluppo": null, "particella": "82" }, "geometry": { "type": "Polygon", "coordinates": [ [ [ 14.25638596, 42.34364274 ], [ 14.25660949, 42.34380148 ], [ 14.25683774, 42.34395762 ], [ 14.25676479, 42.34403603 ], [ 14.25659632, 42.34390006 ], [ 14.25629262, 42.34371721 ], [ 14.25631868, 42.34369191 ], [ 14.25638596, 42.34364274 ] ] ] } },
{ "type": "Feature", "properties": { "NATIONALCADASTRALREFERENCE": "F196_001500.83", "ADMINISTRATIVEUNIT": "F196", "codice_istat": "069050", "regione": "Abruzzo", "provincia": "CH", "comune": "Miglianico", "sezione": null, "foglio": "15", "allegato": null, "sviluppo": null, "particella": "83" }, "geometry": { "type": "Polygon", "coordinates": [ [ [ 14.25683774, 42.34395762 ], [ 14.25713851, 42.343655 ], [ 14.25726209, 42.34374264 ], [ 14.25723859, 42.34377575 ], [ 14.25722089, 42.34381875 ], [ 14.25686084, 42.34411492 ], [ 14.25685219, 42.34410757 ], [ 14.25676479, 42.34403603 ], [ 14.25683774, 42.34395762 ] ] ] } },
{ "type": "Feature", "properties": { "NATIONALCADASTRALREFERENCE": "F196_001500.84", "ADMINISTRATIVEUNIT": "F196", "codice_istat": "069050", "regione": "Abruzzo", "provincia": "CH", "comune": "Miglianico", "sezione": null, "foglio": "15", "allegato": null, "sviluppo": null, "particella": "84" }, "geometry": { "type": "Polygon", "coordinates": [ [ [ 14.25710772, 42.34310651 ], [ 14.25718957, 42.34304807 ], [ 14.25732661, 42.34314454 ], [ 14.25758913, 42.34333917 ], [ 14.25766361, 42.34339938 ], [ 14.25739242, 42.34361701 ], [ 14.25726209, 42.34374264 ], [ 14.25713851, 42.343655 ], [ 14.25674673, 42.34337214 ], [ 14.25710772, 42.34310651 ] ] ] } },
{ "type": "Feature", "properties": { "NATIONALCADASTRALREFERENCE": "F196_001500.87", "ADMINISTRATIVEUNIT": "F196", "codice_istat": "069050", "regione": "Abruzzo", "provincia": "CH", "comune": "Miglianico", "sezione": null, "foglio": "15", "allegato": null, "sviluppo": null, "particella": "87" }, "geometry": { "type": "Polygon", "coordinates": [ [ [ 14.25921226, 42.34370196 ], [ 14.25913611, 42.34375976 ], [ 14.25916102, 42.34377889 ], [ 14.25910724, 42.3438192 ], [ 14.25902479, 42.3437613 ], [ 14.25904545, 42.343746 ], [ 14.25900381, 42.34371249 ], [ 14.25911486, 42.34362925 ], [ 14.25921226, 42.34370196 ] ] ] } },
{ "type": "Feature", "properties": { "NATIONALCADASTRALREFERENCE": "F196_001500.9", "ADMINISTRATIVEUNIT": "F196", "codice_istat": "069050", "regione": "Abruzzo", "provincia": "CH", "comune": "Miglianico", "sezione": null, "foglio": "15", "allegato": null, "sviluppo": null, "particella": "9" }, "geometry": { "type": "Polygon", "coordinates": [ [ [ 14.25405383, 42.34696682 ], [ 14.25428486, 42.34650848 ], [ 14.25436054, 42.34655395 ], [ 14.25429202, 42.3466826 ], [ 14.25433356, 42.34671797 ], [ 14.25444207, 42.34675775 ], [ 14.25430275, 42.34701727 ], [ 14.25423666, 42.34700074 ], [ 14.25405383, 42.34696682 ] ] ] } },
{ "type": "Feature", "properties": { "NATIONALCADASTRALREFERENCE": "F196_001500.90", "ADMINISTRATIVEUNIT": "F196", "codice_istat": "069050", "regione": "Abruzzo", "provincia": "CH", "comune": "Miglianico", "sezione": null, "foglio": "15", "allegato": null, "sviluppo": null, "particella": "90" }, "geometry": { "type": "Polygon", "coordinates": [ [ [ 14.2575791, 42.3427622 ], [ 14.25765822, 42.34281152 ], [ 14.25787224, 42.34290864 ], [ 14.25793399, 42.34292406 ], [ 14.25769159, 42.34313355 ], [ 14.25775623, 42.3431874 ], [ 14.25758913, 42.34333917 ], [ 14.25732661, 42.34314454 ], [ 14.25718957, 42.34304807 ], [ 14.2575791, 42.3427622 ] ] ] } },
{ "type": "Feature", "properties": { "NATIONALCADASTRALREFERENCE": "F196_001500.92", "ADMINISTRATIVEUNIT": "F196", "codice_istat": "069050", "regione": "Abruzzo", "provincia": "CH", "comune": "Miglianico", "sezione": null, "foglio": "15", "allegato": null, "sviluppo": null, "particella": "92" }, "geometry": { "type": "Polygon", "coordinates": [ [ [ 14.25652682, 42.34167819 ], [ 14.2567273, 42.34166712 ], [ 14.25676282, 42.34166703 ], [ 14.25664844, 42.34216207 ], [ 14.25666147, 42.34257223 ], [ 14.25638816, 42.34269782 ], [ 14.25652682, 42.34167819 ] ] ] } },
{ "type": "Feature", "properties": { "NATIONALCADASTRALREFERENCE": "F196_001500.97", "ADMINISTRATIVEUNIT": "F196", "codice_istat": "069050", "regione": "Abruzzo", "provincia": "CH", "comune": "Miglianico", "sezione": null, "foglio": "15", "allegato": null, "sviluppo": null, "particella": "97" }, "geometry": { "type": "Polygon", "coordinates": [ [ [ 14.25882077, 42.34225814 ], [ 14.25901562, 42.34210059 ], [ 14.25904356, 42.34211977 ], [ 14.25902567, 42.34213413 ], [ 14.25914811, 42.34222491 ], [ 14.25874276, 42.34252654 ], [ 14.25862924, 42.34261184 ], [ 14.25849903, 42.34250313 ], [ 14.25882077, 42.34225814 ] ] ] } },
{ "type": "Feature", "properties": { "NATIONALCADASTRALREFERENCE": "F196_001500.99", "ADMINISTRATIVEUNIT": "F196", "codice_istat": "069050", "regione": "Abruzzo", "provincia": "CH", "comune": "Miglianico", "sezione": null, "foglio": "15", "allegato": null, "sviluppo": null, "particella": "99" }, "geometry": { "type": "Polygon", "coordinates": [ [ [ 14.25832223, 42.34509818 ], [ 14.25903553, 42.34541194 ], [ 14.25892677, 42.34550068 ], [ 14.25827262, 42.34515907 ], [ 14.25832223, 42.34509818 ] ] ] } },
{ "type": "Feature", "properties": { "NATIONALCADASTRALREFERENCE": "F196_001500.STRADA001", "ADMINISTRATIVEUNIT": "F196", "codice_istat": "069050", "regione": "Abruzzo", "provincia": "CH", "comune": "Miglianico", "sezione": null, "foglio": "15", "allegato": null, "sviluppo": null, "particella": "STRADA001" }, "geometry": { "type": "Polygon", "coordinates": [ [ [ 14.25727834, 42.34065541 ], [ 14.25731016, 42.34066661 ], [ 14.25753285, 42.34078965 ], [ 14.25772397, 42.34093215 ], [ 14.25827051, 42.34135981 ], [ 14.25877508, 42.34175985 ], [ 14.25899372, 42.34192678 ], [ 14.26022929, 42.34291219 ], [ 14.26123581, 42.34369997 ], [ 14.26234783, 42.34458388 ], [ 14.26306709, 42.34515476 ], [ 14.26364704, 42.34561075 ], [ 14.26371599, 42.34565905 ], [ 14.26408045, 42.34588848 ], [ 14.26458405, 42.3461227 ], [ 14.26578505, 42.3466651 ], [ 14.26671521, 42.34708416 ], [ 14.26737069, 42.34738393 ], [ 14.26741178, 42.34740136 ], [ 14.26763068, 42.34749921 ], [ 14.26801626, 42.34767973 ], [ 14.268351, 42.34783853 ], [ 14.2688091, 42.34807648 ], [ 14.26927006, 42.34833824 ], [ 14.26956911, 42.34852536 ], [ 14.26981583, 42.34871528 ], [ 14.26975465, 42.34874149 ], [ 14.26954047, 42.34859349 ], [ 14.26928872, 42.34843077 ], [ 14.2690623, 42.34829722 ], [ 14.26892659, 42.34822324 ], [ 14.26856211, 42.34802514 ], [ 14.26807141, 42.34778198 ], [ 14.26745965, 42.34750209 ], [ 14.26690908, 42.34724711 ], [ 14.26600438, 42.34683238 ], [ 14.26566104, 42.34667933 ], [ 14.26561452, 42.34671768 ], [ 14.26559196, 42.34673133 ], [ 14.26551901, 42.34679099 ], [ 14.26501362, 42.34696828 ], [ 14.26467897, 42.34709075 ], [ 14.26459681, 42.34716745 ], [ 14.26448946, 42.34733773 ], [ 14.26440568, 42.34742751 ], [ 14.26414534, 42.34762411 ], [ 14.26411105, 42.3476503 ], [ 14.26386518, 42.34783582 ], [ 14.26371012, 42.34787402 ], [ 14.2635088, 42.34795388 ], [ 14.26345856, 42.34797435 ], [ 14.26336626, 42.34802898 ], [ 14.26315191, 42.34810574 ], [ 14.26307722, 42.34816861 ], [ 14.2627955, 42.34821959 ], [ 14.26260518, 42.34825795 ], [ 14.26221746, 42.34829748 ], [ 14.26193932, 42.34839491 ], [ 14.26177175, 42.34844306 ], [ 14.2616454, 42.34846247 ], [ 14.26152464, 42.34850767 ], [ 14.26146503, 42.34851897 ], [ 14.26142626, 42.3485317 ], [ 14.2613796, 42.34854316 ], [ 14.26127793, 42.34854371 ], [ 14.26103494, 42.34860417 ], [ 14.26092654, 42.34865963 ], [ 14.26064993, 42.34867083 ], [ 14.26051464, 42.34869149 ], [ 14.26028384, 42.34881487 ], [ 14.26014855, 42.34882785 ], [ 14.26002876, 42.34888659 ], [ 14.25978603, 42.3489964 ], [ 14.25943821, 42.3491319 ], [ 14.2592146, 42.34921777 ], [ 14.25883297, 42.34934735 ], [ 14.25839126, 42.34949552 ], [ 14.25831953, 42.34950361 ], [ 14.25813192, 42.34953084 ], [ 14.2579501, 42.34952745 ], [ 14.25785488, 42.34954883 ], [ 14.25734104, 42.3496535 ], [ 14.25717916, 42.34981902 ], [ 14.25712099, 42.34990625 ], [ 14.25711065, 42.34988325 ], [ 14.25715761, 42.34981071 ], [ 14.25731961, 42.34963879 ], [ 14.2576041, 42.34958115 ], [ 14.25794602, 42.34950881 ], [ 14.25811507, 42.34950742 ], [ 14.25837534, 42.34947781 ], [ 14.25852816, 42.34942567 ], [ 14.25893396, 42.34929174 ], [ 14.25917289, 42.34921012 ], [ 14.25942843, 42.34911329 ], [ 14.25983409, 42.3489537 ], [ 14.26015014, 42.34880719 ], [ 14.26027747, 42.34879362 ], [ 14.26049235, 42.34867554 ], [ 14.26062276, 42.34865599 ], [ 14.26092579, 42.34864077 ], [ 14.26101849, 42.34858809 ], [ 14.26127942, 42.3485243 ], [ 14.26138483, 42.34851932 ], [ 14.26140468, 42.34851466 ], [ 14.26144437, 42.34850535 ], [ 14.26152913, 42.34848549 ], [ 14.26164202, 42.34844 ], [ 14.26174707, 42.34843086 ], [ 14.2619132, 42.34838339 ], [ 14.26221955, 42.34827725 ], [ 14.26256466, 42.3482415 ], [ 14.26286423, 42.34818779 ], [ 14.2630574, 42.34815242 ], [ 14.26314178, 42.34808949 ], [ 14.26335462, 42.34800999 ], [ 14.26343549, 42.34796251 ], [ 14.26368335, 42.34786021 ], [ 14.26385063, 42.34781813 ], [ 14.2640944, 42.34763496 ], [ 14.2641308, 42.34760689 ], [ 14.26418325, 42.34756657 ], [ 14.26438009, 42.34741758 ], [ 14.26446241, 42.3473319 ], [ 14.26457029, 42.34716178 ], [ 14.2646628, 42.34707409 ], [ 14.26479172, 42.34703021 ], [ 14.26505014, 42.34693918 ], [ 14.26550552, 42.34677232 ], [ 14.26556166, 42.34672728 ], [ 14.26557919, 42.34671001 ], [ 14.2656326, 42.34666782 ], [ 14.26461117, 42.34621114 ], [ 14.26414895, 42.34600384 ], [ 14.26401541, 42.3459329 ], [ 14.26372677, 42.34575844 ], [ 14.26361433, 42.34565778 ], [ 14.26331205, 42.34543028 ], [ 14.26278075, 42.34501645 ], [ 14.26264334, 42.34489981 ], [ 14.26249624, 42.34478114 ], [ 14.26214104, 42.34450101 ], [ 14.26182796, 42.34426268 ], [ 14.26181407, 42.3442521 ], [ 14.26121343, 42.34377108 ], [ 14.26058586, 42.34327573 ], [ 14.2601717, 42.34294889 ], [ 14.26012505, 42.34290708 ], [ 14.25969791, 42.34257548 ], [ 14.25956594, 42.34247695 ], [ 14.25947378, 42.34240048 ], [ 14.25919506, 42.3421903 ], [ 14.25904687, 42.34207823 ], [ 14.25898173, 42.34202441 ], [ 14.25897217, 42.34201731 ], [ 14.25875813, 42.34185751 ], [ 14.2584852, 42.34163703 ], [ 14.25831061, 42.34150026 ], [ 14.2580939, 42.34132803 ], [ 14.25782994, 42.34111259 ], [ 14.257594, 42.34092578 ], [ 14.25748029, 42.34084717 ], [ 14.25728431, 42.3407465 ], [ 14.25727429, 42.34078199 ], [ 14.25724191, 42.34089615 ], [ 14.25717158, 42.34113557 ], [ 14.25715397, 42.34118408 ], [ 14.2571193, 42.34137944 ], [ 14.25708854, 42.3415896 ], [ 14.25705283, 42.34181505 ], [ 14.25701847, 42.34200301 ], [ 14.2569999, 42.34219588 ], [ 14.25702289, 42.34228029 ], [ 14.25699173, 42.34244284 ], [ 14.25692627, 42.34248052 ], [ 14.25676902, 42.34255865 ], [ 14.2565343, 42.34267667 ], [ 14.25645696, 42.3427064 ], [ 14.25630422, 42.34281751 ], [ 14.25618751, 42.34293606 ], [ 14.25607354, 42.34305599 ], [ 14.25601559, 42.34319394 ], [ 14.25589778, 42.34334966 ], [ 14.25584431, 42.34342901 ], [ 14.25582819, 42.34344798 ], [ 14.25584948, 42.3434569 ], [ 14.25592396, 42.34348811 ], [ 14.25606281, 42.34354598 ], [ 14.25612111, 42.34359829 ], [ 14.25613913, 42.34361076 ], [ 14.25615227, 42.34361985 ], [ 14.25629262, 42.34371721 ], [ 14.25659632, 42.34390006 ], [ 14.25676479, 42.34403603 ], [ 14.25685219, 42.34410757 ], [ 14.25686084, 42.34411492 ], [ 14.25701247, 42.34421864 ], [ 14.25704748, 42.34427559 ], [ 14.25703035, 42.34430067 ], [ 14.25699684, 42.34434554 ], [ 14.25704879, 42.34439159 ], [ 14.25702879, 42.34439883 ], [ 14.25696981, 42.34434302 ], [ 14.25701413, 42.34428972 ], [ 14.25702515, 42.34427691 ], [ 14.25698657, 42.34422959 ], [ 14.25685408, 42.3441356 ], [ 14.25677248, 42.34406721 ], [ 14.25669486, 42.34400443 ], [ 14.25654186, 42.34389415 ], [ 14.25639517, 42.34379702 ], [ 14.25621273, 42.34369421 ], [ 14.25613326, 42.34362713 ], [ 14.25606181, 42.34357352 ], [ 14.25597341, 42.34353099 ], [ 14.25586348, 42.34348591 ], [ 14.25581613, 42.34346651 ], [ 14.25564079, 42.3436969 ], [ 14.25528839, 42.34409825 ], [ 14.25527029, 42.34417558 ], [ 14.25522625, 42.34430348 ], [ 14.25506192, 42.34450118 ], [ 14.25493352, 42.34465533 ], [ 14.25478398, 42.34487071 ], [ 14.25469715, 42.34499414 ], [ 14.25460082, 42.34514492 ], [ 14.2544207, 42.34544354 ], [ 14.25406769, 42.34586338 ], [ 14.254121, 42.34591423 ], [ 14.25414087, 42.34593314 ], [ 14.25430739, 42.34601042 ], [ 14.25441922, 42.34606697 ], [ 14.25453012, 42.3461277 ], [ 14.25475351, 42.34624994 ], [ 14.2548849, 42.34632163 ], [ 14.25506457, 42.3464327 ], [ 14.25524858, 42.3465491 ], [ 14.25531571, 42.34657708 ], [ 14.25540255, 42.34658806 ], [ 14.25544136, 42.34660501 ], [ 14.25550216, 42.34659256 ], [ 14.25571485, 42.34635285 ], [ 14.25586465, 42.34615381 ], [ 14.25604121, 42.34593668 ], [ 14.25623084, 42.3456689 ], [ 14.25630237, 42.3455847 ], [ 14.25636932, 42.34549634 ], [ 14.25645928, 42.34541659 ], [ 14.25670719, 42.34521145 ], [ 14.25690479, 42.34504665 ], [ 14.25707549, 42.34490469 ], [ 14.25711468, 42.34490151 ], [ 14.25693676, 42.34505378 ], [ 14.25676802, 42.34519329 ], [ 14.25647139, 42.34544072 ], [ 14.25637295, 42.34553321 ], [ 14.25624118, 42.34569715 ], [ 14.25610339, 42.34589491 ], [ 14.25579384, 42.34628776 ], [ 14.25572613, 42.34637425 ], [ 14.25552243, 42.34660373 ], [ 14.25544019, 42.34662434 ], [ 14.2553944, 42.34660763 ], [ 14.25532357, 42.34659935 ], [ 14.2552477, 42.34656856 ], [ 14.25510445, 42.3464831 ], [ 14.25481343, 42.34630608 ], [ 14.25453481, 42.34615274 ], [ 14.25411293, 42.34593262 ], [ 14.25409972, 42.34592253 ], [ 14.25405555, 42.34588367 ], [ 14.25393023, 42.34613402 ], [ 14.25362208, 42.34678426 ], [ 14.25348265, 42.34705998 ], [ 14.25347681, 42.34715057 ], [ 14.25348873, 42.34722437 ], [ 14.25349476, 42.34726911 ], [ 14.25350767, 42.34734005 ], [ 14.25346312, 42.34733869 ], [ 14.25343928, 42.34717412 ], [ 14.25344961, 42.34708021 ], [ 14.25353086, 42.34691915 ], [ 14.25362949, 42.34672448 ], [ 14.25375506, 42.34645631 ], [ 14.25395237, 42.34606 ], [ 14.25405416, 42.34585622 ], [ 14.25439109, 42.34544834 ], [ 14.25462293, 42.34506349 ], [ 14.25481423, 42.34479202 ], [ 14.25487678, 42.34471291 ], [ 14.25521514, 42.34429212 ], [ 14.25527474, 42.34409788 ], [ 14.2556131, 42.34371509 ], [ 14.25580703, 42.34344173 ], [ 14.25600415, 42.34317469 ], [ 14.25607204, 42.34302874 ], [ 14.25624096, 42.34285142 ], [ 14.25625081, 42.34281175 ], [ 14.25638816, 42.34269782 ], [ 14.25666147, 42.34257223 ], [ 14.2567196, 42.34254212 ], [ 14.25679642, 42.34250247 ], [ 14.25685925, 42.34247439 ], [ 14.25693981, 42.34239371 ], [ 14.25695917, 42.34227276 ], [ 14.25695097, 42.34215225 ], [ 14.25695485, 42.34206285 ], [ 14.25700346, 42.34182961 ], [ 14.25703836, 42.34168148 ], [ 14.25704226, 42.34166486 ], [ 14.25706214, 42.34151839 ], [ 14.25706445, 42.34150536 ], [ 14.25707731, 42.34143011 ], [ 14.25713004, 42.34115157 ], [ 14.25714142, 42.34110601 ], [ 14.2571429, 42.34110023 ], [ 14.25718698, 42.34095553 ], [ 14.25721416, 42.34084588 ], [ 14.2572477, 42.34072893 ], [ 14.25706548, 42.34066688 ], [ 14.25698757, 42.34064294 ], [ 14.25692893, 42.34063215 ], [ 14.25667739, 42.34058574 ], [ 14.25652922, 42.34055953 ], [ 14.25637933, 42.34051096 ], [ 14.2563378, 42.34048258 ], [ 14.25622223, 42.34040807 ], [ 14.25616397, 42.34036459 ], [ 14.25608817, 42.34019459 ], [ 14.25595508, 42.33999741 ], [ 14.25594478, 42.33998185 ], [ 14.25599259, 42.33996151 ], [ 14.25607698, 42.34007635 ], [ 14.2561545, 42.34018884 ], [ 14.2563018, 42.34037227 ], [ 14.25643591, 42.34044645 ], [ 14.2564883, 42.34046719 ], [ 14.25655202, 42.34048429 ], [ 14.25663768, 42.34050728 ], [ 14.25684765, 42.34054654 ], [ 14.25702835, 42.34058458 ], [ 14.25727834, 42.34065541 ] ] ] } },
{ "type": "Feature", "properties": { "NATIONALCADASTRALREFERENCE": "F196_001500.STRADA002", "ADMINISTRATIVEUNIT": "F196", "codice_istat": "069050", "regione": "Abruzzo", "provincia": "CH", "comune": "Miglianico", "sezione": null, "foglio": "15", "allegato": null, "sviluppo": null, "particella": "STRADA002" }, "geometry": { "type": "Polygon", "coordinates": [ [ [ 14.2573778, 42.3446971 ], [ 14.25722721, 42.34480329 ], [ 14.25711468, 42.34490151 ], [ 14.25707549, 42.34490469 ], [ 14.25719798, 42.34479953 ], [ 14.25730346, 42.34472405 ], [ 14.25734063, 42.34469836 ], [ 14.25736006, 42.3446758 ], [ 14.2572587, 42.34458931 ], [ 14.25717169, 42.34451849 ], [ 14.25709411, 42.3444578 ], [ 14.25702879, 42.34439883 ], [ 14.25704879, 42.34439159 ], [ 14.25709869, 42.34443544 ], [ 14.25727052, 42.34456863 ], [ 14.25732459, 42.344615 ], [ 14.25737271, 42.34465925 ], [ 14.25738744, 42.34468388 ], [ 14.2573778, 42.3446971 ] ] ] } },
{ "type": "Feature", "properties": { "NATIONALCADASTRALREFERENCE": "F196_001500.100", "ADMINISTRATIVEUNIT": "F196", "codice_istat": "069050", "regione": "Abruzzo", "provincia": "CH", "comune": "Miglianico", "sezione": null, "foglio": "15", "allegato": null, "sviluppo": null, "particella": "100" }, "geometry": { "type": "Polygon", "coordinates": [ [ [ 14.25600483, 42.34090217 ], [ 14.2563102, 42.34091366 ], [ 14.25631418, 42.34069949 ], [ 14.25642202, 42.34071973 ], [ 14.25641568, 42.34096989 ], [ 14.25639395, 42.34097013 ], [ 14.25633777, 42.34169082 ], [ 14.25610184, 42.34170545 ], [ 14.25600483, 42.34090217 ] ] ] } },
{ "type": "Feature", "properties": { "NATIONALCADASTRALREFERENCE": "F196_001500.185", "ADMINISTRATIVEUNIT": "F196", "codice_istat": "069050", "regione": "Abruzzo", "provincia": "CH", "comune": "Miglianico", "sezione": null, "foglio": "15", "allegato": null, "sviluppo": null, "particella": "185" }, "geometry": { "type": "Polygon", "coordinates": [ [ [ 14.25764328, 42.34160516 ], [ 14.25782945, 42.34149146 ], [ 14.25804884, 42.34135747 ], [ 14.25825152, 42.34153176 ], [ 14.25826755, 42.34152177 ], [ 14.25827874, 42.34153122 ], [ 14.25801053, 42.34167695 ], [ 14.25776159, 42.34181127 ], [ 14.25774947, 42.34179856 ], [ 14.25767424, 42.34170327 ], [ 14.257611, 42.34162831 ], [ 14.25764328, 42.34160516 ] ] ] } },
{ "type": "Feature", "properties": { "NATIONALCADASTRALREFERENCE": "F196_001500.186", "ADMINISTRATIVEUNIT": "F196", "codice_istat": "069050", "regione": "Abruzzo", "provincia": "CH", "comune": "Miglianico", "sezione": null, "foglio": "15", "allegato": null, "sviluppo": null, "particella": "186" }, "geometry": { "type": "Polygon", "coordinates": [ [ [ 14.25769666, 42.34129983 ], [ 14.25779519, 42.34116322 ], [ 14.25797457, 42.34129099 ], [ 14.25804884, 42.34135747 ], [ 14.25782945, 42.34149146 ], [ 14.25781881, 42.3414846 ], [ 14.25764394, 42.34137288 ], [ 14.25766143, 42.34134863 ], [ 14.25767277, 42.34133292 ], [ 14.25769356, 42.34130413 ], [ 14.25769666, 42.34129983 ] ] ] } },
{ "type": "Feature", "properties": { "NATIONALCADASTRALREFERENCE": "F196_001500.195", "ADMINISTRATIVEUNIT": "F196", "codice_istat": "069050", "regione": "Abruzzo", "provincia": "CH", "comune": "Miglianico", "sezione": null, "foglio": "15", "allegato": null, "sviluppo": null, "particella": "195" }, "geometry": { "type": "Polygon", "coordinates": [ [ [ 14.25714345, 42.34190907 ], [ 14.25757057, 42.34164997 ], [ 14.25763719, 42.34173192 ], [ 14.2573427, 42.34196834 ], [ 14.25725, 42.34201966 ], [ 14.25714345, 42.34190907 ] ] ] } },
{ "type": "Feature", "properties": { "NATIONALCADASTRALREFERENCE": "F196_001500.214", "ADMINISTRATIVEUNIT": "F196", "codice_istat": "069050", "regione": "Abruzzo", "provincia": "CH", "comune": "Miglianico", "sezione": null, "foglio": "15", "allegato": null, "sviluppo": null, "particella": "214" }, "geometry": { "type": "Polygon", "coordinates": [ [ [ 14.25622223, 42.34040807 ], [ 14.2563378, 42.34048258 ], [ 14.25631418, 42.34069949 ], [ 14.25627938, 42.34070013 ], [ 14.25616396, 42.34048091 ], [ 14.25622223, 42.34040807 ] ] ] } },
{ "type": "Feature", "properties": { "NATIONALCADASTRALREFERENCE": "F196_001500.215", "ADMINISTRATIVEUNIT": "F196", "codice_istat": "069050", "regione": "Abruzzo", "provincia": "CH", "comune": "Miglianico", "sezione": null, "foglio": "15", "allegato": null, "sviluppo": null, "particella": "215" }, "geometry": { "type": "Polygon", "coordinates": [ [ [ 14.25631418, 42.34069949 ], [ 14.25642239, 42.34070141 ], [ 14.25642202, 42.34071973 ], [ 14.25631418, 42.34069949 ] ] ] } },
{ "type": "Feature", "properties": { "NATIONALCADASTRALREFERENCE": "F196_001500.216", "ADMINISTRATIVEUNIT": "F196", "codice_istat": "069050", "regione": "Abruzzo", "provincia": "CH", "comune": "Miglianico", "sezione": null, "foglio": "15", "allegato": null, "sviluppo": null, "particella": "216" }, "geometry": { "type": "Polygon", "coordinates": [ [ [ 14.25642239, 42.34070141 ], [ 14.25681642, 42.34068722 ], [ 14.25682759, 42.34078304 ], [ 14.25663131, 42.34075332 ], [ 14.2564791, 42.34072662 ], [ 14.25642202, 42.34071973 ], [ 14.25642239, 42.34070141 ] ] ] } },
{ "type": "Feature", "properties": { "NATIONALCADASTRALREFERENCE": "F196_001500.224", "ADMINISTRATIVEUNIT": "F196", "codice_istat": "069050", "regione": "Abruzzo", "provincia": "CH", "comune": "Miglianico", "sezione": null, "foglio": "15", "allegato": null, "sviluppo": null, "particella": "224" }, "geometry": { "type": "Polygon", "coordinates": [ [ [ 14.25596407, 42.34070971 ], [ 14.25627938, 42.34070013 ], [ 14.25631418, 42.34069949 ], [ 14.2563102, 42.34091366 ], [ 14.25600483, 42.34090217 ], [ 14.25596407, 42.34070971 ] ], [ [ 14.25610827, 42.34086705 ], [ 14.25625757, 42.34087671 ], [ 14.25627356, 42.34075836 ], [ 14.25612445, 42.34074962 ], [ 14.25610827, 42.34086705 ] ] ] } },
{ "type": "Feature", "properties": { "NATIONALCADASTRALREFERENCE": "F196_001500.272", "ADMINISTRATIVEUNIT": "F196", "codice_istat": "069050", "regione": "Abruzzo", "provincia": "CH", "comune": "Miglianico", "sezione": null, "foglio": "15", "allegato": null, "sviluppo": null, "particella": "272" }, "geometry": { "type": "Polygon", "coordinates": [ [ [ 14.25831061, 42.34150026 ], [ 14.2584852, 42.34163703 ], [ 14.25843575, 42.34166407 ], [ 14.25827874, 42.34153122 ], [ 14.25826755, 42.34152177 ], [ 14.25831061, 42.34150026 ] ] ] } },
{ "type": "Feature", "properties": { "NATIONALCADASTRALREFERENCE": "F196_001500.293", "ADMINISTRATIVEUNIT": "F196", "codice_istat": "069050", "regione": "Abruzzo", "provincia": "CH", "comune": "Miglianico", "sezione": null, "foglio": "15", "allegato": null, "sviluppo": null, "particella": "293" }, "geometry": { "type": "Polygon", "coordinates": [ [ [ 14.25774947, 42.34179856 ], [ 14.25776159, 42.34181127 ], [ 14.25789581, 42.34195211 ], [ 14.25787276, 42.34196587 ], [ 14.2578534, 42.34197686 ], [ 14.25770658, 42.3418191 ], [ 14.25774947, 42.34179856 ] ] ] } },
{ "type": "Feature", "properties": { "NATIONALCADASTRALREFERENCE": "F196_001500.300", "ADMINISTRATIVEUNIT": "F196", "codice_istat": "069050", "regione": "Abruzzo", "provincia": "CH", "comune": "Miglianico", "sezione": null, "foglio": "15", "allegato": null, "sviluppo": null, "particella": "300" }, "geometry": { "type": "Polygon", "coordinates": [ [ [ 14.2564791, 42.34072662 ], [ 14.25646224, 42.34097093 ], [ 14.25641568, 42.34096989 ], [ 14.25642202, 42.34071973 ], [ 14.2564791, 42.34072662 ] ] ] } },
{ "type": "Feature", "properties": { "NATIONALCADASTRALREFERENCE": "F196_001500.3509", "ADMINISTRATIVEUNIT": "F196", "codice_istat": "069050", "regione": "Abruzzo", "provincia": "CH", "comune": "Miglianico", "sezione": null, "foglio": "15", "allegato": null, "sviluppo": null, "particella": "3509" }, "geometry": { "type": "Polygon", "coordinates": [ [ [ 14.25782994, 42.34111259 ], [ 14.2580939, 42.34132803 ], [ 14.25804884, 42.34135747 ], [ 14.25797457, 42.34129099 ], [ 14.25779519, 42.34116322 ], [ 14.25782994, 42.34111259 ] ] ] } },
{ "type": "Feature", "properties": { "NATIONALCADASTRALREFERENCE": "F196_001500.3510", "ADMINISTRATIVEUNIT": "F196", "codice_istat": "069050", "regione": "Abruzzo", "provincia": "CH", "comune": "Miglianico", "sezione": null, "foglio": "15", "allegato": null, "sviluppo": null, "particella": "3510" }, "geometry": { "type": "Polygon", "coordinates": [ [ [ 14.2574993, 42.34152759 ], [ 14.25753445, 42.34152 ], [ 14.25755376, 42.34155866 ], [ 14.2574993, 42.34152759 ] ] ] } },
{ "type": "Feature", "properties": { "NATIONALCADASTRALREFERENCE": "F196_001500.3511", "ADMINISTRATIVEUNIT": "F196", "codice_istat": "069050", "regione": "Abruzzo", "provincia": "CH", "comune": "Miglianico", "sezione": null, "foglio": "15", "allegato": null, "sviluppo": null, "particella": "3511" }, "geometry": { "type": "Polygon", "coordinates": [ [ [ 14.2580939, 42.34132803 ], [ 14.25831061, 42.34150026 ], [ 14.25826755, 42.34152177 ], [ 14.25825152, 42.34153176 ], [ 14.25804884, 42.34135747 ], [ 14.2580939, 42.34132803 ] ] ] } },
{ "type": "Feature", "properties": { "NATIONALCADASTRALREFERENCE": "F196_001500.3512", "ADMINISTRATIVEUNIT": "F196", "codice_istat": "069050", "regione": "Abruzzo", "provincia": "CH", "comune": "Miglianico", "sezione": null, "foglio": "15", "allegato": null, "sviluppo": null, "particella": "3512" }, "geometry": { "type": "Polygon", "coordinates": [ [ [ 14.25767424, 42.34170327 ], [ 14.25774947, 42.34179856 ], [ 14.25770658, 42.3418191 ], [ 14.25763719, 42.34173192 ], [ 14.25767424, 42.34170327 ] ] ] } },
{ "type": "Feature", "properties": { "NATIONALCADASTRALREFERENCE": "F196_001500.3513", "ADMINISTRATIVEUNIT": "F196", "codice_istat": "069050", "regione": "Abruzzo", "provincia": "CH", "comune": "Miglianico", "sezione": null, "foglio": "15", "allegato": null, "sviluppo": null, "particella": "3513" }, "geometry": { "type": "Polygon", "coordinates": [ [ [ 14.2573427, 42.34196834 ], [ 14.25763719, 42.34173192 ], [ 14.25770658, 42.3418191 ], [ 14.25758023, 42.34188442 ], [ 14.25755611, 42.34186022 ], [ 14.2573427, 42.34196834 ] ] ] } },
{ "type": "Feature", "properties": { "NATIONALCADASTRALREFERENCE": "F196_001500.3514", "ADMINISTRATIVEUNIT": "F196", "codice_istat": "069050", "regione": "Abruzzo", "provincia": "CH", "comune": "Miglianico", "sezione": null, "foglio": "15", "allegato": null, "sviluppo": null, "particella": "3514" }, "geometry": { "type": "Polygon", "coordinates": [ [ [ 14.257611, 42.34162831 ], [ 14.25767424, 42.34170327 ], [ 14.25763719, 42.34173192 ], [ 14.25757057, 42.34164997 ], [ 14.257611, 42.34162831 ] ] ] } },
{ "type": "Feature", "properties": { "NATIONALCADASTRALREFERENCE": "F196_001500.3535", "ADMINISTRATIVEUNIT": "F196", "codice_istat": "069050", "regione": "Abruzzo", "provincia": "CH", "comune": "Miglianico", "sezione": null, "foglio": "15", "allegato": null, "sviluppo": null, "particella": "3535" }, "geometry": { "type": "Polygon", "coordinates": [ [ [ 14.25727429, 42.34078199 ], [ 14.25728431, 42.3407465 ], [ 14.25748029, 42.34084717 ], [ 14.257594, 42.34092578 ], [ 14.25755298, 42.34097478 ], [ 14.25742488, 42.34086799 ], [ 14.25738029, 42.34084237 ], [ 14.25727429, 42.34078199 ] ] ] } },
{ "type": "Feature", "properties": { "NATIONALCADASTRALREFERENCE": "F196_001500.3538", "ADMINISTRATIVEUNIT": "F196", "codice_istat": "069050", "regione": "Abruzzo", "provincia": "CH", "comune": "Miglianico", "sezione": null, "foglio": "15", "allegato": null, "sviluppo": null, "particella": "3538" }, "geometry": { "type": "Polygon", "coordinates": [ [ [ 14.2584852, 42.34163703 ], [ 14.25875813, 42.34185751 ], [ 14.25873071, 42.34187843 ], [ 14.25871277, 42.34189025 ], [ 14.25855635, 42.34176255 ], [ 14.25854282, 42.34175151 ], [ 14.25843575, 42.34166407 ], [ 14.2584852, 42.34163703 ] ] ] } },
{ "type": "Feature", "properties": { "NATIONALCADASTRALREFERENCE": "F196_001500.4023", "ADMINISTRATIVEUNIT": "F196", "codice_istat": "069050", "regione": "Abruzzo", "provincia": "CH", "comune": "Miglianico", "sezione": null, "foglio": "15", "allegato": null, "sviluppo": null, "particella": "4023" }, "geometry": { "type": "Polygon", "coordinates": [ [ [ 14.25590886, 42.34041585 ], [ 14.25583684, 42.34004567 ], [ 14.25595508, 42.33999741 ], [ 14.25603303, 42.3402227 ], [ 14.25616397, 42.34036459 ], [ 14.25615838, 42.34038056 ], [ 14.25590886, 42.34041585 ] ] ] } },
{ "type": "Feature", "properties": { "NATIONALCADASTRALREFERENCE": "F196_001500.4024", "ADMINISTRATIVEUNIT": "F196", "codice_istat": "069050", "regione": "Abruzzo", "provincia": "CH", "comune": "Miglianico", "sezione": null, "foglio": "15", "allegato": null, "sviluppo": null, "particella": "4024" }, "geometry": { "type": "Polygon", "coordinates": [ [ [ 14.257594, 42.34092578 ], [ 14.25782994, 42.34111259 ], [ 14.25779519, 42.34116322 ], [ 14.25755298, 42.34097478 ], [ 14.257594, 42.34092578 ] ] ] } },
{ "type": "Feature", "properties": { "NATIONALCADASTRALREFERENCE": "F196_001500.4025", "ADMINISTRATIVEUNIT": "F196", "codice_istat": "069050", "regione": "Abruzzo", "provincia": "CH", "comune": "Miglianico", "sezione": null, "foglio": "15", "allegato": null, "sviluppo": null, "particella": "4025" }, "geometry": { "type": "Polygon", "coordinates": [ [ [ 14.2574993, 42.34152759 ], [ 14.25755376, 42.34155866 ], [ 14.257611, 42.34162831 ], [ 14.25757057, 42.34164997 ], [ 14.25748768, 42.34152883 ], [ 14.2574993, 42.34152759 ] ] ] } },
{ "type": "Feature", "properties": { "NATIONALCADASTRALREFERENCE": "F196_001500.4026", "ADMINISTRATIVEUNIT": "F196", "codice_istat": "069050", "regione": "Abruzzo", "provincia": "CH", "comune": "Miglianico", "sezione": null, "foglio": "15", "allegato": null, "sviluppo": null, "particella": "4026" }, "geometry": { "type": "Polygon", "coordinates": [ [ [ 14.25755376, 42.34155866 ], [ 14.25764328, 42.34160516 ], [ 14.257611, 42.34162831 ], [ 14.25755376, 42.34155866 ] ] ] } },
{ "type": "Feature", "properties": { "NATIONALCADASTRALREFERENCE": "F196_001500.4092", "ADMINISTRATIVEUNIT": "F196", "codice_istat": "069050", "regione": "Abruzzo", "provincia": "CH", "comune": "Miglianico", "sezione": null, "foglio": "15", "allegato": null, "sviluppo": null, "particella": "4092" }, "geometry": { "type": "Polygon", "coordinates": [ [ [ 14.25714558, 42.34158087 ], [ 14.25748768, 42.34152883 ], [ 14.25757057, 42.34164997 ], [ 14.25714345, 42.34190907 ], [ 14.25709518, 42.34185907 ], [ 14.25714558, 42.34158087 ] ] ] } },
{ "type": "Feature", "properties": { "NATIONALCADASTRALREFERENCE": "F196_001500.4093", "ADMINISTRATIVEUNIT": "F196", "codice_istat": "069050", "regione": "Abruzzo", "provincia": "CH", "comune": "Miglianico", "sezione": null, "foglio": "15", "allegato": null, "sviluppo": null, "particella": "4093" }, "geometry": { "type": "Polygon", "coordinates": [ [ [ 14.25708854, 42.3415896 ], [ 14.25714558, 42.34158087 ], [ 14.25709518, 42.34185907 ], [ 14.25705283, 42.34181505 ], [ 14.25708854, 42.3415896 ] ] ] } },
{ "type": "Feature", "properties": { "NATIONALCADASTRALREFERENCE": "F196_001500.4094", "ADMINISTRATIVEUNIT": "F196", "codice_istat": "069050", "regione": "Abruzzo", "provincia": "CH", "comune": "Miglianico", "sezione": null, "foglio": "15", "allegato": null, "sviluppo": null, "particella": "4094" }, "geometry": { "type": "Polygon", "coordinates": [ [ [ 14.25719066, 42.3412238 ], [ 14.25748768, 42.34152883 ], [ 14.25714558, 42.34158087 ], [ 14.25719066, 42.3412238 ] ] ] } },
{ "type": "Feature", "properties": { "NATIONALCADASTRALREFERENCE": "F196_001500.4095", "ADMINISTRATIVEUNIT": "F196", "codice_istat": "069050", "regione": "Abruzzo", "provincia": "CH", "comune": "Miglianico", "sezione": null, "foglio": "15", "allegato": null, "sviluppo": null, "particella": "4095" }, "geometry": { "type": "Polygon", "coordinates": [ [ [ 14.25708854, 42.3415896 ], [ 14.2571193, 42.34137944 ], [ 14.25715397, 42.34118408 ], [ 14.25719066, 42.3412238 ], [ 14.25714558, 42.34158087 ], [ 14.25708854, 42.3415896 ] ] ] } },
{ "type": "Feature", "properties": { "NATIONALCADASTRALREFERENCE": "F196_001500.4096", "ADMINISTRATIVEUNIT": "F196", "codice_istat": "069050", "regione": "Abruzzo", "provincia": "CH", "comune": "Miglianico", "sezione": null, "foglio": "15", "allegato": null, "sviluppo": null, "particella": "4096" }, "geometry": { "type": "Polygon", "coordinates": [ [ [ 14.25721191, 42.3411802 ], [ 14.25753445, 42.34152 ], [ 14.2574993, 42.34152759 ], [ 14.25748768, 42.34152883 ], [ 14.25719066, 42.3412238 ], [ 14.25721191, 42.3411802 ] ] ] } },
{ "type": "Feature", "properties": { "NATIONALCADASTRALREFERENCE": "F196_001500.4097", "ADMINISTRATIVEUNIT": "F196", "codice_istat": "069050", "regione": "Abruzzo", "provincia": "CH", "comune": "Miglianico", "sezione": null, "foglio": "15", "allegato": null, "sviluppo": null, "particella": "4097" }, "geometry": { "type": "Polygon", "coordinates": [ [ [ 14.25717158, 42.34113557 ], [ 14.25721191, 42.3411802 ], [ 14.25719066, 42.3412238 ], [ 14.25715397, 42.34118408 ], [ 14.25717158, 42.34113557 ] ] ] } },
{ "type": "Feature", "properties": { "NATIONALCADASTRALREFERENCE": "F196_001500.4099", "ADMINISTRATIVEUNIT": "F196", "codice_istat": "069050", "regione": "Abruzzo", "provincia": "CH", "comune": "Miglianico", "sezione": null, "foglio": "15", "allegato": null, "sviluppo": null, "particella": "4099" }, "geometry": { "type": "Polygon", "coordinates": [ [ [ 14.25727429, 42.34078199 ], [ 14.25738029, 42.34084237 ], [ 14.25735454, 42.34085432 ], [ 14.25729765, 42.34087745 ], [ 14.25727693, 42.34089629 ], [ 14.25727727, 42.34093486 ], [ 14.25721191, 42.3411802 ], [ 14.25717158, 42.34113557 ], [ 14.25724191, 42.34089615 ], [ 14.25727429, 42.34078199 ] ] ] } },
{ "type": "Feature", "properties": { "NATIONALCADASTRALREFERENCE": "F196_001500.4100", "ADMINISTRATIVEUNIT": "F196", "codice_istat": "069050", "regione": "Abruzzo", "provincia": "CH", "comune": "Miglianico", "sezione": null, "foglio": "15", "allegato": null, "sviluppo": null, "particella": "4100" }, "geometry": { "type": "Polygon", "coordinates": [ [ [ 14.2563378, 42.34048258 ], [ 14.25637933, 42.34051096 ], [ 14.25652922, 42.34055953 ], [ 14.25667739, 42.34058574 ], [ 14.25692893, 42.34063215 ], [ 14.25702269, 42.34067177 ], [ 14.25694446, 42.34068077 ], [ 14.25681642, 42.34068722 ], [ 14.25642239, 42.34070141 ], [ 14.25631418, 42.34069949 ], [ 14.2563378, 42.34048258 ] ] ] } },
{ "type": "Feature", "properties": { "NATIONALCADASTRALREFERENCE": "F196_001500.4101", "ADMINISTRATIVEUNIT": "F196", "codice_istat": "069050", "regione": "Abruzzo", "provincia": "CH", "comune": "Miglianico", "sezione": null, "foglio": "15", "allegato": null, "sviluppo": null, "particella": "4101" }, "geometry": { "type": "Polygon", "coordinates": [ [ [ 14.25692893, 42.34063215 ], [ 14.25698757, 42.34064294 ], [ 14.25706548, 42.34066688 ], [ 14.25702269, 42.34067177 ], [ 14.25692893, 42.34063215 ] ] ] } },
{ "type": "Feature", "properties": { "NATIONALCADASTRALREFERENCE": "F196_001500.4103", "ADMINISTRATIVEUNIT": "F196", "codice_istat": "069050", "regione": "Abruzzo", "provincia": "CH", "comune": "Miglianico", "sezione": null, "foglio": "15", "allegato": null, "sviluppo": null, "particella": "4103" }, "geometry": { "type": "Polygon", "coordinates": [ [ [ 14.25706548, 42.34066688 ], [ 14.2572477, 42.34072893 ], [ 14.25721416, 42.34084588 ], [ 14.25718698, 42.34095553 ], [ 14.2571429, 42.34110023 ], [ 14.25712461, 42.34109895 ], [ 14.25717438, 42.34088294 ], [ 14.2571589, 42.34081386 ], [ 14.25713848, 42.3407698 ], [ 14.25710897, 42.34073341 ], [ 14.25708292, 42.34071768 ], [ 14.25702269, 42.34067177 ], [ 14.25706548, 42.34066688 ] ] ] } },
{ "type": "Feature", "properties": { "NATIONALCADASTRALREFERENCE": "F196_001500.4104", "ADMINISTRATIVEUNIT": "F196", "codice_istat": "069050", "regione": "Abruzzo", "provincia": "CH", "comune": "Miglianico", "sezione": null, "foglio": "15", "allegato": null, "sviluppo": null, "particella": "4104" }, "geometry": { "type": "Polygon", "coordinates": [ [ [ 14.25638537, 42.34168739 ], [ 14.25633777, 42.34169082 ], [ 14.25639395, 42.34097013 ], [ 14.25641568, 42.34096989 ], [ 14.25646224, 42.34097093 ], [ 14.2564791, 42.34072662 ], [ 14.25663131, 42.34075332 ], [ 14.25682759, 42.34078304 ], [ 14.25681642, 42.34068722 ], [ 14.25694446, 42.34068077 ], [ 14.25702269, 42.34067177 ], [ 14.25708292, 42.34071768 ], [ 14.25710897, 42.34073341 ], [ 14.25713848, 42.3407698 ], [ 14.2571589, 42.34081386 ], [ 14.25717438, 42.34088294 ], [ 14.25712461, 42.34109895 ], [ 14.257114, 42.34115057 ], [ 14.25705813, 42.34142931 ], [ 14.25689306, 42.34142255 ], [ 14.25675305, 42.34141397 ], [ 14.25674085, 42.34149516 ], [ 14.25673025, 42.34162093 ], [ 14.2567273, 42.34166712 ], [ 14.25652682, 42.34167819 ], [ 14.25641896, 42.34168463 ], [ 14.25638537, 42.34168739 ] ] ] } },
{ "type": "Feature", "properties": { "NATIONALCADASTRALREFERENCE": "F196_001500.4105", "ADMINISTRATIVEUNIT": "F196", "codice_istat": "069050", "regione": "Abruzzo", "provincia": "CH", "comune": "Miglianico", "sezione": null, "foglio": "15", "allegato": null, "sviluppo": null, "particella": "4105" }, "geometry": { "type": "Polygon", "coordinates": [ [ [ 14.25712461, 42.34109895 ], [ 14.2571429, 42.34110023 ], [ 14.25714142, 42.34110601 ], [ 14.25713004, 42.34115157 ], [ 14.257114, 42.34115057 ], [ 14.25712461, 42.34109895 ] ] ] } },
{ "type": "Feature", "properties": { "NATIONALCADASTRALREFERENCE": "F196_001500.4107", "ADMINISTRATIVEUNIT": "F196", "codice_istat": "069050", "regione": "Abruzzo", "provincia": "CH", "comune": "Miglianico", "sezione": null, "foglio": "15", "allegato": null, "sviluppo": null, "particella": "4107" }, "geometry": { "type": "Polygon", "coordinates": [ [ [ 14.25705813, 42.34142931 ], [ 14.257114, 42.34115057 ], [ 14.25713004, 42.34115157 ], [ 14.25707731, 42.34143011 ], [ 14.25705813, 42.34142931 ] ] ] } },
{ "type": "Feature", "properties": { "NATIONALCADASTRALREFERENCE": "F196_001500.4109", "ADMINISTRATIVEUNIT": "F196", "codice_istat": "069050", "regione": "Abruzzo", "provincia": "CH", "comune": "Miglianico", "sezione": null, "foglio": "15", "allegato": null, "sviluppo": null, "particella": "4109" }, "geometry": { "type": "Polygon", "coordinates": [ [ [ 14.25705813, 42.34142931 ], [ 14.25707731, 42.34143011 ], [ 14.25706445, 42.34150536 ], [ 14.25705813, 42.34142931 ] ] ] } },
{ "type": "Feature", "properties": { "NATIONALCADASTRALREFERENCE": "F196_001500.4116", "ADMINISTRATIVEUNIT": "F196", "codice_istat": "069050", "regione": "Abruzzo", "provincia": "CH", "comune": "Miglianico", "sezione": null, "foglio": "15", "allegato": null, "sviluppo": null, "particella": "4116" }, "geometry": { "type": "Polygon", "coordinates": [ [ [ 14.25755298, 42.34097478 ], [ 14.25779519, 42.34116322 ], [ 14.25769666, 42.34129983 ], [ 14.25769356, 42.34130413 ], [ 14.25767277, 42.34133292 ], [ 14.25766143, 42.34134863 ], [ 14.25764394, 42.34137288 ], [ 14.25758987, 42.34144783 ], [ 14.25753445, 42.34152 ], [ 14.25721191, 42.3411802 ], [ 14.25727727, 42.34093486 ], [ 14.25727693, 42.34089629 ], [ 14.25729765, 42.34087745 ], [ 14.25735454, 42.34085432 ], [ 14.25738029, 42.34084237 ], [ 14.25742488, 42.34086799 ], [ 14.25755298, 42.34097478 ] ] ] } },
{ "type": "Feature", "properties": { "NATIONALCADASTRALREFERENCE": "F196_001500.4134", "ADMINISTRATIVEUNIT": "F196", "codice_istat": "069050", "regione": "Abruzzo", "provincia": "CH", "comune": "Miglianico", "sezione": null, "foglio": "15", "allegato": null, "sviluppo": null, "particella": "4134" }, "geometry": { "type": "Polygon", "coordinates": [ [ [ 14.25706214, 42.34151839 ], [ 14.25704226, 42.34166486 ], [ 14.25690008, 42.34166472 ], [ 14.25676282, 42.34166703 ], [ 14.2567273, 42.34166712 ], [ 14.25673025, 42.34162093 ], [ 14.25674085, 42.34149516 ], [ 14.25675305, 42.34141397 ], [ 14.25689306, 42.34142255 ], [ 14.25705813, 42.34142931 ], [ 14.25706445, 42.34150536 ], [ 14.25706214, 42.34151839 ] ] ] } },
{ "type": "Feature", "properties": { "NATIONALCADASTRALREFERENCE": "F196_001500.4135", "ADMINISTRATIVEUNIT": "F196", "codice_istat": "069050", "regione": "Abruzzo", "provincia": "CH", "comune": "Miglianico", "sezione": null, "foglio": "15", "allegato": null, "sviluppo": null, "particella": "4135" }, "geometry": { "type": "Polygon", "coordinates": [ [ [ 14.25610827, 42.34086705 ], [ 14.25612445, 42.34074962 ], [ 14.25627356, 42.34075836 ], [ 14.25625757, 42.34087671 ], [ 14.25610827, 42.34086705 ] ] ] } },
{ "type": "Feature", "properties": { "NATIONALCADASTRALREFERENCE": "F196_001500.4136", "ADMINISTRATIVEUNIT": "F196", "codice_istat": "069050", "regione": "Abruzzo", "provincia": "CH", "comune": "Miglianico", "sezione": null, "foglio": "15", "allegato": null, "sviluppo": null, "particella": "4136" }, "geometry": { "type": "Polygon", "coordinates": [ [ [ 14.25601574, 42.34059226 ], [ 14.25605234, 42.34055195 ], [ 14.25615838, 42.34038056 ], [ 14.25616397, 42.34036459 ], [ 14.25622223, 42.34040807 ], [ 14.25616396, 42.34048091 ], [ 14.25627938, 42.34070013 ], [ 14.25596407, 42.34070971 ], [ 14.25595546, 42.34066688 ], [ 14.25597233, 42.34064601 ], [ 14.25601574, 42.34059226 ] ] ] } },
{ "type": "Feature", "properties": { "NATIONALCADASTRALREFERENCE": "F196_001500.4143", "ADMINISTRATIVEUNIT": "F196", "codice_istat": "069050", "regione": "Abruzzo", "provincia": "CH", "comune": "Miglianico", "sezione": null, "foglio": "15", "allegato": null, "sviluppo": null, "particella": "4143" }, "geometry": { "type": "Polygon", "coordinates": [ [ [ 14.25843575, 42.34166407 ], [ 14.25789581, 42.34195211 ], [ 14.25776159, 42.34181127 ], [ 14.25801053, 42.34167695 ], [ 14.25827874, 42.34153122 ], [ 14.25843575, 42.34166407 ] ] ] } },
{ "type": "Feature", "properties": { "NATIONALCADASTRALREFERENCE": "F196_001500.4193", "ADMINISTRATIVEUNIT": "F196", "codice_istat": "069050", "regione": "Abruzzo", "provincia": "CH", "comune": "Miglianico", "sezione": null, "foglio": "15", "allegato": null, "sviluppo": null, "particella": "4193" }, "geometry": { "type": "Polygon", "coordinates": [ [ [ 14.25753445, 42.34152 ], [ 14.25758987, 42.34144783 ], [ 14.25764394, 42.34137288 ], [ 14.25781881, 42.3414846 ], [ 14.25782945, 42.34149146 ], [ 14.25764328, 42.34160516 ], [ 14.25755376, 42.34155866 ], [ 14.25753445, 42.34152 ] ] ] } },
{ "type": "Feature", "properties": { "NATIONALCADASTRALREFERENCE": "F196_001500.51", "ADMINISTRATIVEUNIT": "F196", "codice_istat": "069050", "regione": "Abruzzo", "provincia": "CH", "comune": "Miglianico", "sezione": null, "foglio": "15", "allegato": null, "sviluppo": null, "particella": "51" }, "geometry": { "type": "Polygon", "coordinates": [ [ [ 14.25595508, 42.33999741 ], [ 14.25608817, 42.34019459 ], [ 14.25616397, 42.34036459 ], [ 14.25603303, 42.3402227 ], [ 14.25595508, 42.33999741 ] ] ] } },
{ "type": "Feature", "properties": { "NATIONALCADASTRALREFERENCE": "F196_001500.88", "ADMINISTRATIVEUNIT": "F196", "codice_istat": "069050", "regione": "Abruzzo", "provincia": "CH", "comune": "Miglianico", "sezione": null, "foglio": "15", "allegato": null, "sviluppo": null, "particella": "88" }, "geometry": { "type": "Polygon", "coordinates": [ [ [ 14.25590886, 42.34041585 ], [ 14.25615838, 42.34038056 ], [ 14.25605234, 42.34055195 ], [ 14.25601574, 42.34059226 ], [ 14.25597233, 42.34064601 ], [ 14.25595546, 42.34066688 ], [ 14.25590886, 42.34041585 ] ] ] } }
]
}
